timestamp,host,version,array_size,replicate,elapsed_s
2025-11-01T13:30:16,DESKTOP-VVR72A9,Parallel,100000,1,0.23264
2025-11-01T13:30:16,DESKTOP-VVR72A9,Sequential,500000,2,0.9669
2025-11-01T13:30:16,DESKTOP-VVR72A9,Parallel,1000000,3,1.53244
2025-11-01T13:30:16,DESKTOP-VVR72A9,Sequential,100000,4,0.16663
2025-11-01T13:30:16,DESKTOP-VVR72A9,Parallel,100000,5,0.19085
2025-11-01T13:30:16,DESKTOP-VVR72A9,Parallel,500000,6,0.57769
2025-11-01T13:30:16,DESKTOP-VVR72A9,Parallel,2000000,7,2.76168
2025-11-01T13:30:16,DESKTOP-VVR72A9,Sequential,50000,8,0.10531
2025-11-01T13:30:16,DESKTOP-VVR72A9,Sequential,10000,9,0.01708
2025-11-01T13:30:16,DESKTOP-VVR72A9,Parallel,200000,10,0.34692
2025-11-01T13:30:16,DESKTOP-VVR72A9,Sequential,100000,11,0.21597
2025-11-01T13:30:16,DESKTOP-VVR72A9,Parallel,1000000,12,1.19188
2025-11-01T13:30:16,DESKTOP-VVR72A9,Sequential,1000000,13,2.37172
2025-11-01T13:30:16,DESKTOP-VVR72A9,Parallel,50000,14,0.11194
2025-11-01T13:30:16,DESKTOP-VVR72A9,Parallel,2000000,15,2.70587
2025-11-01T13:30:16,DESKTOP-VVR72A9,Sequential,2000000,16,3.45649
2025-11-01T13:30:16,DESKTOP-VVR72A9,Sequential,500000,17,0.90729
2025-11-01T13:30:16,DESKTOP-VVR72A9,Parallel,1000000,18,1.24992
2025-11-01T13:30:16,DESKTOP-VVR72A9,Parallel,1000000,19,1.57723
2025-11-01T13:30:16,DESKTOP-VVR72A9,Parallel,2000000,20,2.57231
2025-11-01T13:30:16,DESKTOP-VVR72A9,Parallel,100000,21,0.20705
2025-11-01T13:30:16,DESKTOP-VVR72A9,Sequential,2000000,22,3.2787
2025-11-01T13:30:16,DESKTOP-VVR72A9,Sequential,10000,23,0.02294
2025-11-01T13:30:16,DESKTOP-VVR72A9,Parallel,2000000,24,3.28099
2025-11-01T13:30:16,DESKTOP-VVR72A9,Sequential,500000,25,1.10716
2025-11-01T13:30:16,DESKTOP-VVR72A9,Parallel,200000,26,0.41778
2025-11-01T13:30:16,DESKTOP-VVR72A9,Sequential,2000000,27,3.2412
2025-11-01T13:30:16,DESKTOP-VVR72A9,Sequential,500000,28,0.86338
2025-11-01T13:30:16,DESKTOP-VVR72A9,Parallel,500000,29,0.65325
2025-11-01T13:30:16,DESKTOP-VVR72A9,Sequential,2000000,30,4.2653
2025-11-01T13:30:16,DESKTOP-VVR72A9,Parallel,100000,31,0.1729
2025-11-01T13:30:16,DESKTOP-VVR72A9,Parallel,1000000,32,1.14213
2025-11-01T13:30:16,DESKTOP-VVR72A9,Parallel,100000,33,0.17947
2025-11-01T13:30:16,DESKTOP-VVR72A9,Sequential,2000000,34,3.75589
2025-11-01T13:30:16,DESKTOP-VVR72A9,Sequential,2000000,35,3.33371
2025-11-01T13:30:16,DESKTOP-VVR72A9,Parallel,100000,36,0.23302
2025-11-01T13:30:16,DESKTOP-VVR72A9,Sequential,2000000,37,3.8962
2025-11-01T13:30:16,DESKTOP-VVR72A9,Sequential,10000,38,0.01676
2025-11-01T13:30:16,DESKTOP-VVR72A9,Parallel,100000,39,0.2045
2025-11-01T13:30:16,DESKTOP-VVR72A9,Sequential,100000,40,0.16406
2025-11-01T13:30:16,DESKTOP-VVR72A9,Sequential,100000,41,0.21257
2025-11-01T13:30:16,DESKTOP-VVR72A9,Sequential,2000000,42,4.24714
2025-11-01T13:30:16,DESKTOP-VVR72A9,Sequential,500000,43,0.96578
2025-11-01T13:30:16,DESKTOP-VVR72A9,Sequential,100000,44,0.17246
2025-11-01T13:30:16,DESKTOP-VVR72A9,Sequential,200000,45,0.4275
2025-11-01T13:30:16,DESKTOP-VVR72A9,Parallel,2000000,46,2.43133
2025-11-01T13:30:16,DESKTOP-VVR72A9,Sequential,100000,47,0.22119
2025-11-01T13:30:16,DESKTOP-VVR72A9,Sequential,1000000,48,2.06552
2025-11-01T13:30:16,DESKTOP-VVR72A9,Sequential,200000,49,0.43806
2025-11-01T13:30:16,DESKTOP-VVR72A9,Sequential,50000,50,0.11828
2025-11-01T13:30:16,DESKTOP-VVR72A9,Sequential,1000000,51,2.09239
2025-11-01T13:30:16,DESKTOP-VVR72A9,Parallel,100000,52,0.18487
2025-11-01T13:30:16,DESKTOP-VVR72A9,Parallel,50000,53,0.09727
2025-11-01T13:30:16,DESKTOP-VVR72A9,Parallel,2000000,54,2.91314
2025-11-01T13:30:16,DESKTOP-VVR72A9,Sequential,50000,55,0.11658
2025-11-01T13:30:16,DESKTOP-VVR72A9,Parallel,2000000,56,2.40095
2025-11-01T13:30:16,DESKTOP-VVR72A9,Sequential,200000,57,0.35661
2025-11-01T13:30:16,DESKTOP-VVR72A9,Sequential,200000,58,0.43904
2025-11-01T13:30:16,DESKTOP-VVR72A9,Sequential,50000,59,0.11162
2025-11-01T13:30:16,DESKTOP-VVR72A9,Parallel,500000,60,0.70162
2025-11-01T13:30:16,DESKTOP-VVR72A9,Parallel,200000,61,0.4783
2025-11-01T13:30:16,DESKTOP-VVR72A9,Parallel,500000,62,0.72451
2025-11-01T13:30:16,DESKTOP-VVR72A9,Parallel,1000000,63,1.64847
2025-11-01T13:30:16,DESKTOP-VVR72A9,Sequential,10000,64,0.01758
2025-11-01T13:30:16,DESKTOP-VVR72A9,Parallel,500000,65,0.70824
2025-11-01T13:30:16,DESKTOP-VVR72A9,Sequential,2000000,66,3.57183
2025-11-01T13:30:16,DESKTOP-VVR72A9,Sequential,2000000,67,4.63385
2025-11-01T13:30:16,DESKTOP-VVR72A9,Sequential,100000,68,0.1695
2025-11-01T13:30:16,DESKTOP-VVR72A9,Sequential,200000,69,0.36842
2025-11-01T13:30:16,DESKTOP-VVR72A9,Parallel,500000,70,0.60962
2025-11-01T13:30:16,DESKTOP-VVR72A9,Parallel,1000000,71,1.12913
2025-11-01T13:30:16,DESKTOP-VVR72A9,Parallel,500000,72,0.76132
2025-11-01T13:30:16,DESKTOP-VVR72A9,Parallel,2000000,73,2.94229
2025-11-01T13:30:16,DESKTOP-VVR72A9,Sequential,1000000,74,2.13477
2025-11-01T13:30:16,DESKTOP-VVR72A9,Sequential,50000,75,0.08925
2025-11-01T13:30:16,DESKTOP-VVR72A9,Sequential,50000,76,0.10551
2025-11-01T13:30:16,DESKTOP-VVR72A9,Sequential,2000000,77,3.57078
2025-11-01T13:30:16,DESKTOP-VVR72A9,Sequential,2000000,78,4.19266
2025-11-01T13:30:16,DESKTOP-VVR72A9,Sequential,100000,79,0.23357
2025-11-01T13:30:16,DESKTOP-VVR72A9,Parallel,200000,80,0.47922
2025-11-01T13:30:16,DESKTOP-VVR72A9,Sequential,1000000,81,1.6624
2025-11-01T13:30:16,DESKTOP-VVR72A9,Parallel,2000000,82,2.54044
2025-11-01T13:30:16,DESKTOP-VVR72A9,Parallel,2000000,83,2.86906
2025-11-01T13:30:16,DESKTOP-VVR72A9,Sequential,10000,84,0.01813
2025-11-01T13:30:16,DESKTOP-VVR72A9,Sequential,1000000,85,2.37229
2025-11-01T13:30:16,DESKTOP-VVR72A9,Parallel,100000,86,0.20939
2025-11-01T13:30:16,DESKTOP-VVR72A9,Parallel,1000000,87,1.66983
2025-11-01T13:30:16,DESKTOP-VVR72A9,Sequential,10000,88,0.01607
2025-11-01T13:30:16,DESKTOP-VVR72A9,Parallel,10000,89,0.02169
2025-11-01T13:30:16,DESKTOP-VVR72A9,Parallel,1000000,90,1.17069
2025-11-01T13:30:16,DESKTOP-VVR72A9,Sequential,2000000,91,4.0207
2025-11-01T13:30:16,DESKTOP-VVR72A9,Sequential,500000,92,1.19085
2025-11-01T13:30:16,DESKTOP-VVR72A9,Sequential,2000000,93,3.31361
2025-11-01T13:30:16,DESKTOP-VVR72A9,Sequential,200000,94,0.39439
2025-11-01T13:30:16,DESKTOP-VVR72A9,Parallel,100000,95,0.20038
2025-11-01T13:30:16,DESKTOP-VVR72A9,Sequential,1000000,96,1.94885
2025-11-01T13:30:16,DESKTOP-VVR72A9,Parallel,100000,97,0.18481
2025-11-01T13:30:16,DESKTOP-VVR72A9,Sequential,200000,98,0.44171
2025-11-01T13:30:16,DESKTOP-VVR72A9,Parallel,1000000,99,1.47678
2025-11-01T13:30:16,DESKTOP-VVR72A9,Parallel,10000,100,0.01713
2025-11-01T13:30:16,DESKTOP-VVR72A9,Parallel,500000,101,0.65356
2025-11-01T13:30:16,DESKTOP-VVR72A9,Sequential,1000000,102,1.95284
2025-11-01T13:30:16,DESKTOP-VVR72A9,Parallel,100000,103,0.21988
2025-11-01T13:30:16,DESKTOP-VVR72A9,Sequential,200000,104,0.39484
2025-11-01T13:30:16,DESKTOP-VVR72A9,Parallel,2000000,105,2.57869
2025-11-01T13:30:16,DESKTOP-VVR72A9,Sequential,2000000,106,4.31451
2025-11-01T13:30:16,DESKTOP-VVR72A9,Parallel,10000,107,0.01984
2025-11-01T13:30:16,DESKTOP-VVR72A9,Sequential,50000,108,0.09403
2025-11-01T13:30:16,DESKTOP-VVR72A9,Sequential,1000000,109,2.28091
2025-11-01T13:30:16,DESKTOP-VVR72A9,Sequential,200000,110,0.35693
2025-11-01T13:30:16,DESKTOP-VVR72A9,Sequential,1000000,111,1.88673
2025-11-01T13:30:16,DESKTOP-VVR72A9,Sequential,200000,112,0.46812
2025-11-01T13:30:16,DESKTOP-VVR72A9,Parallel,100000,113,0.18036
2025-11-01T13:30:16,DESKTOP-VVR72A9,Sequential,200000,114,0.41187
2025-11-01T13:30:16,DESKTOP-VVR72A9,Parallel,200000,115,0.33476
2025-11-01T13:30:16,DESKTOP-VVR72A9,Parallel,50000,116,0.08037
2025-11-01T13:30:16,DESKTOP-VVR72A9,Parallel,100000,117,0.21709
2025-11-01T13:30:16,DESKTOP-VVR72A9,Sequential,100000,118,0.18993
2025-11-01T13:30:16,DESKTOP-VVR72A9,Parallel,100000,119,0.19602
2025-11-01T13:30:16,DESKTOP-VVR72A9,Sequential,200000,120,0.38198
2025-11-01T13:30:16,DESKTOP-VVR72A9,Parallel,500000,121,0.60995
2025-11-01T13:30:16,DESKTOP-VVR72A9,Parallel,200000,122,0.34871
2025-11-01T13:30:16,DESKTOP-VVR72A9,Sequential,50000,123,0.10701
2025-11-01T13:30:16,DESKTOP-VVR72A9,Parallel,2000000,124,2.47183
2025-11-01T13:30:16,DESKTOP-VVR72A9,Sequential,500000,125,0.98125
2025-11-01T13:30:16,DESKTOP-VVR72A9,Parallel,1000000,126,1.20044
2025-11-01T13:30:16,DESKTOP-VVR72A9,Sequential,10000,127,0.02222
2025-11-01T13:30:16,DESKTOP-VVR72A9,Parallel,10000,128,0.02039
2025-11-01T13:30:16,DESKTOP-VVR72A9,Sequential,2000000,129,4.3789
2025-11-01T13:30:16,DESKTOP-VVR72A9,Parallel,1000000,130,1.35985
2025-11-01T13:30:16,DESKTOP-VVR72A9,Parallel,500000,131,0.66573
2025-11-01T13:30:16,DESKTOP-VVR72A9,Sequential,200000,132,0.36134
2025-11-01T13:30:16,DESKTOP-VVR72A9,Sequential,200000,133,0.41169
2025-11-01T13:30:16,DESKTOP-VVR72A9,Parallel,50000,134,0.11344
2025-11-01T13:30:16,DESKTOP-VVR72A9,Parallel,1000000,135,1.66447
2025-11-01T13:30:16,DESKTOP-VVR72A9,Sequential,1000000,136,1.9164
2025-11-01T13:30:16,DESKTOP-VVR72A9,Parallel,1000000,137,1.51338
2025-11-01T13:30:16,DESKTOP-VVR72A9,Parallel,100000,138,0.21498
2025-11-01T13:30:16,DESKTOP-VVR72A9,Parallel,200000,139,0.32091
2025-11-01T13:30:16,DESKTOP-VVR72A9,Sequential,100000,140,0.23369
2025-11-01T13:30:16,DESKTOP-VVR72A9,Parallel,10000,141,0.02387
2025-11-01T13:30:16,DESKTOP-VVR72A9,Sequential,50000,142,0.08902
2025-11-01T13:30:16,DESKTOP-VVR72A9,Sequential,500000,143,1.03912
2025-11-01T13:30:16,DESKTOP-VVR72A9,Sequential,1000000,144,1.72381
2025-11-01T13:30:16,DESKTOP-VVR72A9,Parallel,500000,145,0.72774
2025-11-01T13:30:16,DESKTOP-VVR72A9,Parallel,50000,146,0.09779
2025-11-01T13:30:16,DESKTOP-VVR72A9,Parallel,2000000,147,3.03885
2025-11-01T13:30:16,DESKTOP-VVR72A9,Sequential,50000,148,0.09281
2025-11-01T13:30:16,DESKTOP-VVR72A9,Parallel,50000,149,0.10845
2025-11-01T13:30:16,DESKTOP-VVR72A9,Parallel,200000,150,0.42441
2025-11-01T13:30:16,DESKTOP-VVR72A9,Parallel,100000,151,0.18694
2025-11-01T13:30:16,DESKTOP-VVR72A9,Parallel,50000,152,0.1193
2025-11-01T13:30:16,DESKTOP-VVR72A9,Parallel,500000,153,0.57516
2025-11-01T13:30:16,DESKTOP-VVR72A9,Parallel,500000,154,0.5664
2025-11-01T13:30:16,DESKTOP-VVR72A9,Sequential,10000,155,0.01707
2025-11-01T13:30:16,DESKTOP-VVR72A9,Parallel,200000,156,0.36334
2025-11-01T13:30:16,DESKTOP-VVR72A9,Parallel,2000000,157,2.79051
2025-11-01T13:30:16,DESKTOP-VVR72A9,Sequential,50000,158,0.10679
2025-11-01T13:30:16,DESKTOP-VVR72A9,Sequential,500000,159,1.06133
2025-11-01T13:30:16,DESKTOP-VVR72A9,Parallel,10000,160,0.01727
2025-11-01T13:30:16,DESKTOP-VVR72A9,Parallel,50000,161,0.10123
2025-11-01T13:30:16,DESKTOP-VVR72A9,Sequential,200000,162,0.34769
2025-11-01T13:30:16,DESKTOP-VVR72A9,Parallel,50000,163,0.09106
2025-11-01T13:30:16,DESKTOP-VVR72A9,Parallel,100000,164,0.1921
2025-11-01T13:30:16,DESKTOP-VVR72A9,Sequential,50000,165,0.09898
2025-11-01T13:30:16,DESKTOP-VVR72A9,Sequential,200000,166,0.38107
2025-11-01T13:30:16,DESKTOP-VVR72A9,Sequential,100000,167,0.19355
2025-11-01T13:30:16,DESKTOP-VVR72A9,Parallel,10000,168,0.02379
2025-11-01T13:30:16,DESKTOP-VVR72A9,Parallel,2000000,169,3.01728
2025-11-01T13:30:16,DESKTOP-VVR72A9,Parallel,500000,170,0.65101
2025-11-01T13:30:16,DESKTOP-VVR72A9,Sequential,50000,171,0.0854
2025-11-01T13:30:16,DESKTOP-VVR72A9,Sequential,100000,172,0.17858
2025-11-01T13:30:16,DESKTOP-VVR72A9,Parallel,1000000,173,1.55063
2025-11-01T13:30:16,DESKTOP-VVR72A9,Sequential,100000,174,0.23997
2025-11-01T13:30:16,DESKTOP-VVR72A9,Parallel,200000,175,0.36835
2025-11-01T13:30:16,DESKTOP-VVR72A9,Parallel,100000,176,0.16738
2025-11-01T13:30:16,DESKTOP-VVR72A9,Sequential,10000,177,0.01893
2025-11-01T13:30:16,DESKTOP-VVR72A9,Parallel,50000,178,0.11858
2025-11-01T13:30:16,DESKTOP-VVR72A9,Parallel,100000,179,0.18222
2025-11-01T13:30:16,DESKTOP-VVR72A9,Sequential,100000,180,0.22125
2025-11-01T13:30:16,DESKTOP-VVR72A9,Sequential,50000,181,0.10174
2025-11-01T13:30:16,DESKTOP-VVR72A9,Sequential,500000,182,0.99254
2025-11-01T13:30:16,DESKTOP-VVR72A9,Parallel,100000,183,0.16322
2025-11-01T13:30:16,DESKTOP-VVR72A9,Sequential,2000000,184,3.58267
2025-11-01T13:30:16,DESKTOP-VVR72A9,Parallel,50000,185,0.09857
2025-11-01T13:30:16,DESKTOP-VVR72A9,Parallel,100000,186,0.19424
2025-11-01T13:30:16,DESKTOP-VVR72A9,Parallel,2000000,187,2.35529
2025-11-01T13:30:16,DESKTOP-VVR72A9,Sequential,200000,188,0.39909
2025-11-01T13:30:16,DESKTOP-VVR72A9,Parallel,500000,189,0.81466
2025-11-01T13:30:16,DESKTOP-VVR72A9,Parallel,2000000,190,2.93571
2025-11-01T13:30:16,DESKTOP-VVR72A9,Sequential,100000,191,0.20975
2025-11-01T13:30:16,DESKTOP-VVR72A9,Sequential,500000,192,1.11409
2025-11-01T13:30:16,DESKTOP-VVR72A9,Sequential,500000,193,1.19072
2025-11-01T13:30:16,DESKTOP-VVR72A9,Parallel,10000,194,0.01705
2025-11-01T13:30:16,DESKTOP-VVR72A9,Sequential,10000,195,0.01754
2025-11-01T13:30:16,DESKTOP-VVR72A9,Parallel,2000000,196,2.26226
2025-11-01T13:30:16,DESKTOP-VVR72A9,Parallel,1000000,197,1.65729
2025-11-01T13:30:16,DESKTOP-VVR72A9,Sequential,1000000,198,1.65792
2025-11-01T13:30:16,DESKTOP-VVR72A9,Parallel,50000,199,0.10151
2025-11-01T13:30:16,DESKTOP-VVR72A9,Sequential,100000,200,0.19842
2025-11-01T13:30:16,DESKTOP-VVR72A9,Sequential,50000,201,0.10506
2025-11-01T13:30:16,DESKTOP-VVR72A9,Parallel,200000,202,0.36657
2025-11-01T13:30:16,DESKTOP-VVR72A9,Sequential,200000,203,0.4692
2025-11-01T13:30:16,DESKTOP-VVR72A9,Sequential,200000,204,0.37189
2025-11-01T13:30:16,DESKTOP-VVR72A9,Parallel,1000000,205,1.33968
2025-11-01T13:30:16,DESKTOP-VVR72A9,Sequential,200000,206,0.42045
2025-11-01T13:30:16,DESKTOP-VVR72A9,Sequential,10000,207,0.01759
2025-11-01T13:30:16,DESKTOP-VVR72A9,Parallel,50000,208,0.10489
2025-11-01T13:30:16,DESKTOP-VVR72A9,Sequential,50000,209,0.11306
2025-11-01T13:30:16,DESKTOP-VVR72A9,Parallel,50000,210,0.0814
2025-11-01T13:30:16,DESKTOP-VVR72A9,Sequential,200000,211,0.42842
2025-11-01T13:30:16,DESKTOP-VVR72A9,Sequential,10000,212,0.02305
2025-11-01T13:30:16,DESKTOP-VVR72A9,Parallel,10000,213,0.02101
2025-11-01T13:30:16,DESKTOP-VVR72A9,Parallel,10000,214,0.01839
2025-11-01T13:30:16,DESKTOP-VVR72A9,Sequential,500000,215,1.14433
2025-11-01T13:30:16,DESKTOP-VVR72A9,Sequential,500000,216,0.91477
2025-11-01T13:30:16,DESKTOP-VVR72A9,Sequential,2000000,217,4.06219
2025-11-01T13:30:16,DESKTOP-VVR72A9,Sequential,100000,218,0.19129
2025-11-01T13:30:16,DESKTOP-VVR72A9,Sequential,200000,219,0.34022
2025-11-01T13:30:16,DESKTOP-VVR72A9,Parallel,500000,220,0.60274
2025-11-01T13:30:16,DESKTOP-VVR72A9,Parallel,200000,221,0.47197
2025-11-01T13:30:16,DESKTOP-VVR72A9,Parallel,2000000,222,2.94994
2025-11-01T13:30:16,DESKTOP-VVR72A9,Sequential,200000,223,0.47313
2025-11-01T13:30:16,DESKTOP-VVR72A9,Sequential,100000,224,0.16851
2025-11-01T13:30:16,DESKTOP-VVR72A9,Sequential,2000000,225,3.90084
2025-11-01T13:30:16,DESKTOP-VVR72A9,Parallel,1000000,226,1.15146
2025-11-01T13:30:16,DESKTOP-VVR72A9,Parallel,1000000,227,1.54077
2025-11-01T13:30:16,DESKTOP-VVR72A9,Parallel,50000,228,0.0948
2025-11-01T13:30:16,DESKTOP-VVR72A9,Parallel,1000000,229,1.54441
2025-11-01T13:30:16,DESKTOP-VVR72A9,Parallel,10000,230,0.02052
2025-11-01T13:30:16,DESKTOP-VVR72A9,Sequential,100000,231,0.21185
2025-11-01T13:30:16,DESKTOP-VVR72A9,Sequential,500000,232,0.95629
2025-11-01T13:30:16,DESKTOP-VVR72A9,Sequential,100000,233,0.21806
2025-11-01T13:30:16,DESKTOP-VVR72A9,Sequential,200000,234,0.4399
2025-11-01T13:30:16,DESKTOP-VVR72A9,Parallel,50000,235,0.10623
2025-11-01T13:30:16,DESKTOP-VVR72A9,Sequential,10000,236,0.01737
2025-11-01T13:30:16,DESKTOP-VVR72A9,Sequential,1000000,237,1.75673
2025-11-01T13:30:16,DESKTOP-VVR72A9,Parallel,1000000,238,1.55028
2025-11-01T13:30:16,DESKTOP-VVR72A9,Sequential,10000,239,0.02288
2025-11-01T13:30:16,DESKTOP-VVR72A9,Sequential,500000,240,0.92126
2025-11-01T13:30:16,DESKTOP-VVR72A9,Sequential,500000,241,0.96478
2025-11-01T13:30:16,DESKTOP-VVR72A9,Parallel,100000,242,0.19542
2025-11-01T13:30:16,DESKTOP-VVR72A9,Parallel,10000,243,0.02101
2025-11-01T13:30:16,DESKTOP-VVR72A9,Sequential,200000,244,0.35243
2025-11-01T13:30:16,DESKTOP-VVR72A9,Sequential,500000,245,0.93223
2025-11-01T13:30:16,DESKTOP-VVR72A9,Parallel,50000,246,0.1169
2025-11-01T13:30:16,DESKTOP-VVR72A9,Parallel,2000000,247,2.89354
2025-11-01T13:30:16,DESKTOP-VVR72A9,Parallel,200000,248,0.44255
2025-11-01T13:30:16,DESKTOP-VVR72A9,Sequential,500000,249,0.90178
2025-11-01T13:30:16,DESKTOP-VVR72A9,Sequential,500000,250,1.05045
2025-11-01T13:30:16,DESKTOP-VVR72A9,Parallel,100000,251,0.18953
2025-11-01T13:30:16,DESKTOP-VVR72A9,Sequential,500000,252,1.03376
2025-11-01T13:30:16,DESKTOP-VVR72A9,Parallel,50000,253,0.08633
2025-11-01T13:30:16,DESKTOP-VVR72A9,Sequential,1000000,254,1.99765
2025-11-01T13:30:16,DESKTOP-VVR72A9,Parallel,1000000,255,1.15636
2025-11-01T13:30:16,DESKTOP-VVR72A9,Parallel,2000000,256,2.38882
2025-11-01T13:30:16,DESKTOP-VVR72A9,Parallel,200000,257,0.42236
2025-11-01T13:30:16,DESKTOP-VVR72A9,Parallel,100000,258,0.21923
2025-11-01T13:30:16,DESKTOP-VVR72A9,Parallel,2000000,259,2.98659
2025-11-01T13:30:16,DESKTOP-VVR72A9,Sequential,200000,260,0.38294
2025-11-01T13:30:16,DESKTOP-VVR72A9,Sequential,100000,261,0.19944
2025-11-01T13:30:16,DESKTOP-VVR72A9,Parallel,1000000,262,1.23813
2025-11-01T13:30:16,DESKTOP-VVR72A9,Sequential,100000,263,0.18628
2025-11-01T13:30:16,DESKTOP-VVR72A9,Parallel,2000000,264,2.47466
2025-11-01T13:30:16,DESKTOP-VVR72A9,Sequential,500000,265,0.89131
2025-11-01T13:30:16,DESKTOP-VVR72A9,Sequential,200000,266,0.45961
2025-11-01T13:30:16,DESKTOP-VVR72A9,Parallel,2000000,267,2.3822
2025-11-01T13:30:16,DESKTOP-VVR72A9,Sequential,200000,268,0.3596
2025-11-01T13:30:16,DESKTOP-VVR72A9,Sequential,1000000,269,1.70944
2025-11-01T13:30:16,DESKTOP-VVR72A9,Sequential,200000,270,0.41316
2025-11-01T13:30:16,DESKTOP-VVR72A9,Sequential,10000,271,0.01906
2025-11-01T13:30:16,DESKTOP-VVR72A9,Sequential,2000000,272,4.39787
2025-11-01T13:30:16,DESKTOP-VVR72A9,Sequential,10000,273,0.02337
2025-11-01T13:30:16,DESKTOP-VVR72A9,Parallel,200000,274,0.33022
2025-11-01T13:30:16,DESKTOP-VVR72A9,Sequential,500000,275,1.18822
2025-11-01T13:30:16,DESKTOP-VVR72A9,Sequential,2000000,276,4.14809
2025-11-01T13:30:16,DESKTOP-VVR72A9,Parallel,10000,277,0.02165
2025-11-01T13:30:16,DESKTOP-VVR72A9,Parallel,10000,278,0.02319
2025-11-01T13:30:16,DESKTOP-VVR72A9,Parallel,10000,279,0.02365
2025-11-01T13:30:16,DESKTOP-VVR72A9,Sequential,500000,280,1.06725
2025-11-01T13:30:16,DESKTOP-VVR72A9,Sequential,200000,281,0.3595
2025-11-01T13:30:16,DESKTOP-VVR72A9,Parallel,50000,282,0.11451
2025-11-01T13:30:16,DESKTOP-VVR72A9,Sequential,100000,283,0.1873
2025-11-01T13:30:16,DESKTOP-VVR72A9,Parallel,2000000,284,2.46823
2025-11-01T13:30:16,DESKTOP-VVR72A9,Sequential,50000,285,0.09567
2025-11-01T13:30:16,DESKTOP-VVR72A9,Parallel,500000,286,0.71746
2025-11-01T13:30:16,DESKTOP-VVR72A9,Sequential,10000,287,0.02327
2025-11-01T13:30:16,DESKTOP-VVR72A9,Parallel,100000,288,0.20301
2025-11-01T13:30:16,DESKTOP-VVR72A9,Parallel,50000,289,0.09244
2025-11-01T13:30:16,DESKTOP-VVR72A9,Sequential,100000,290,0.22196
2025-11-01T13:30:16,DESKTOP-VVR72A9,Sequential,100000,291,0.2383
2025-11-01T13:30:16,DESKTOP-VVR72A9,Sequential,50000,292,0.10772
2025-11-01T13:30:16,DESKTOP-VVR72A9,Parallel,2000000,293,3.18044
2025-11-01T13:30:16,DESKTOP-VVR72A9,Sequential,100000,294,0.19387
2025-11-01T13:30:16,DESKTOP-VVR72A9,Sequential,200000,295,0.37237
2025-11-01T13:30:16,DESKTOP-VVR72A9,Sequential,1000000,296,1.88622
2025-11-01T13:30:16,DESKTOP-VVR72A9,Sequential,10000,297,0.02179
2025-11-01T13:30:16,DESKTOP-VVR72A9,Sequential,10000,298,0.02066
2025-11-01T13:30:16,DESKTOP-VVR72A9,Parallel,500000,299,0.57047
2025-11-01T13:30:16,DESKTOP-VVR72A9,Sequential,50000,300,0.11036
2025-11-01T13:30:16,DESKTOP-VVR72A9,Sequential,10000,301,0.02111
2025-11-01T13:30:16,DESKTOP-VVR72A9,Parallel,2000000,302,3.11061
2025-11-01T13:30:16,DESKTOP-VVR72A9,Sequential,2000000,303,4.77295
2025-11-01T13:30:16,DESKTOP-VVR72A9,Parallel,10000,304,0.02172
2025-11-01T13:30:16,DESKTOP-VVR72A9,Parallel,10000,305,0.01615
2025-11-01T13:30:16,DESKTOP-VVR72A9,Parallel,200000,306,0.32295
2025-11-01T13:30:16,DESKTOP-VVR72A9,Parallel,10000,307,0.02347
2025-11-01T13:30:16,DESKTOP-VVR72A9,Parallel,1000000,308,1.15193
2025-11-01T13:30:16,DESKTOP-VVR72A9,Parallel,100000,309,0.16501
2025-11-01T13:30:16,DESKTOP-VVR72A9,Parallel,50000,310,0.10863
2025-11-01T13:30:16,DESKTOP-VVR72A9,Parallel,200000,311,0.33527
2025-11-01T13:30:16,DESKTOP-VVR72A9,Parallel,500000,312,0.65403
2025-11-01T13:30:16,DESKTOP-VVR72A9,Sequential,100000,313,0.17523
2025-11-01T13:30:16,DESKTOP-VVR72A9,Parallel,10000,314,0.01804
2025-11-01T13:30:16,DESKTOP-VVR72A9,Parallel,50000,315,0.08759
2025-11-01T13:30:16,DESKTOP-VVR72A9,Parallel,1000000,316,1.25793
2025-11-01T13:30:16,DESKTOP-VVR72A9,Sequential,200000,317,0.32368
2025-11-01T13:30:16,DESKTOP-VVR72A9,Parallel,50000,318,0.0828
2025-11-01T13:30:16,DESKTOP-VVR72A9,Parallel,50000,319,0.08869
2025-11-01T13:30:16,DESKTOP-VVR72A9,Parallel,100000,320,0.18637
2025-11-01T13:30:16,DESKTOP-VVR72A9,Parallel,1000000,321,1.19722
2025-11-01T13:30:16,DESKTOP-VVR72A9,Parallel,500000,322,0.60614
2025-11-01T13:30:16,DESKTOP-VVR72A9,Parallel,200000,323,0.47258
2025-11-01T13:30:16,DESKTOP-VVR72A9,Parallel,10000,324,0.02194
2025-11-01T13:30:16,DESKTOP-VVR72A9,Sequential,500000,325,1.03236
2025-11-01T13:30:16,DESKTOP-VVR72A9,Parallel,50000,326,0.10681
2025-11-01T13:30:16,DESKTOP-VVR72A9,Sequential,10000,327,0.0179
2025-11-01T13:30:16,DESKTOP-VVR72A9,Parallel,100000,328,0.19383
2025-11-01T13:30:16,DESKTOP-VVR72A9,Parallel,2000000,329,2.75674
2025-11-01T13:30:16,DESKTOP-VVR72A9,Parallel,500000,330,0.74483
2025-11-01T13:30:16,DESKTOP-VVR72A9,Sequential,50000,331,0.09404
2025-11-01T13:30:16,DESKTOP-VVR72A9,Parallel,2000000,332,3.2145
2025-11-01T13:30:16,DESKTOP-VVR72A9,Sequential,1000000,333,2.30054
2025-11-01T13:30:16,DESKTOP-VVR72A9,Sequential,10000,334,0.01714
2025-11-01T13:30:16,DESKTOP-VVR72A9,Parallel,100000,335,0.19609
2025-11-01T13:30:16,DESKTOP-VVR72A9,Sequential,100000,336,0.20267
2025-11-01T13:30:16,DESKTOP-VVR72A9,Sequential,200000,337,0.45136
2025-11-01T13:30:16,DESKTOP-VVR72A9,Parallel,200000,338,0.34238
2025-11-01T13:30:16,DESKTOP-VVR72A9,Sequential,100000,339,0.17784
2025-11-01T13:30:16,DESKTOP-VVR72A9,Sequential,100000,340,0.17313
2025-11-01T13:30:16,DESKTOP-VVR72A9,Sequential,50000,341,0.11483
2025-11-01T13:30:16,DESKTOP-VVR72A9,Sequential,1000000,342,1.81261
2025-11-01T13:30:16,DESKTOP-VVR72A9,Sequential,1000000,343,2.09924
2025-11-01T13:30:16,DESKTOP-VVR72A9,Sequential,10000,344,0.01676
2025-11-01T13:30:16,DESKTOP-VVR72A9,Parallel,1000000,345,1.25159
2025-11-01T13:30:16,DESKTOP-VVR72A9,Sequential,500000,346,1.07255
2025-11-01T13:30:16,DESKTOP-VVR72A9,Parallel,200000,347,0.37963
2025-11-01T13:30:16,DESKTOP-VVR72A9,Parallel,50000,348,0.09451
2025-11-01T13:30:16,DESKTOP-VVR72A9,Sequential,2000000,349,4.60571
2025-11-01T13:30:16,DESKTOP-VVR72A9,Parallel,2000000,350,2.50775
2025-11-01T13:30:16,DESKTOP-VVR72A9,Parallel,500000,351,0.81675
2025-11-01T13:30:16,DESKTOP-VVR72A9,Parallel,10000,352,0.01611
2025-11-01T13:30:16,DESKTOP-VVR72A9,Parallel,50000,353,0.08254
2025-11-01T13:30:16,DESKTOP-VVR72A9,Sequential,50000,354,0.10954
2025-11-01T13:30:16,DESKTOP-VVR72A9,Sequential,2000000,355,3.64741
2025-11-01T13:30:16,DESKTOP-VVR72A9,Parallel,200000,356,0.44354
2025-11-01T13:30:16,DESKTOP-VVR72A9,Parallel,200000,357,0.43067
2025-11-01T13:30:16,DESKTOP-VVR72A9,Parallel,2000000,358,2.9697
2025-11-01T13:30:16,DESKTOP-VVR72A9,Parallel,500000,359,0.7046
2025-11-01T13:30:16,DESKTOP-VVR72A9,Parallel,500000,360,0.62867
2025-11-01T13:30:16,DESKTOP-VVR72A9,Parallel,1000000,361,1.59657
2025-11-01T13:30:16,DESKTOP-VVR72A9,Parallel,100000,362,0.23314
2025-11-01T13:30:16,DESKTOP-VVR72A9,Parallel,500000,363,0.80086
2025-11-01T13:30:16,DESKTOP-VVR72A9,Parallel,200000,364,0.3535
2025-11-01T13:30:16,DESKTOP-VVR72A9,Sequential,100000,365,0.19495
2025-11-01T13:30:16,DESKTOP-VVR72A9,Parallel,100000,366,0.1631
2025-11-01T13:30:16,DESKTOP-VVR72A9,Parallel,10000,367,0.02226
2025-11-01T13:30:16,DESKTOP-VVR72A9,Sequential,10000,368,0.01644
2025-11-01T13:30:16,DESKTOP-VVR72A9,Parallel,10000,369,0.01686
2025-11-01T13:30:16,DESKTOP-VVR72A9,Sequential,2000000,370,4.64037
2025-11-01T13:30:16,DESKTOP-VVR72A9,Parallel,200000,371,0.38252
2025-11-01T13:30:16,DESKTOP-VVR72A9,Sequential,1000000,372,2.01869
2025-11-01T13:30:16,DESKTOP-VVR72A9,Sequential,1000000,373,2.15951
2025-11-01T13:30:16,DESKTOP-VVR72A9,Sequential,1000000,374,2.17388
2025-11-01T13:30:16,DESKTOP-VVR72A9,Parallel,500000,375,0.56294
2025-11-01T13:30:16,DESKTOP-VVR72A9,Parallel,10000,376,0.0204
2025-11-01T13:30:16,DESKTOP-VVR72A9,Parallel,2000000,377,2.98304
2025-11-01T13:30:16,DESKTOP-VVR72A9,Sequential,10000,378,0.0237
2025-11-01T13:30:16,DESKTOP-VVR72A9,Sequential,2000000,379,4.3643
2025-11-01T13:30:16,DESKTOP-VVR72A9,Sequential,200000,380,0.34443
2025-11-01T13:30:16,DESKTOP-VVR72A9,Parallel,50000,381,0.11814
2025-11-01T13:30:16,DESKTOP-VVR72A9,Sequential,500000,382,1.14286
2025-11-01T13:30:16,DESKTOP-VVR72A9,Parallel,2000000,383,2.8751
2025-11-01T13:30:16,DESKTOP-VVR72A9,Parallel,100000,384,0.20984
2025-11-01T13:30:16,DESKTOP-VVR72A9,Parallel,2000000,385,2.88861
2025-11-01T13:30:16,DESKTOP-VVR72A9,Parallel,500000,386,0.75491
2025-11-01T13:30:16,DESKTOP-VVR72A9,Parallel,500000,387,0.79941
2025-11-01T13:30:16,DESKTOP-VVR72A9,Sequential,500000,388,0.82519
2025-11-01T13:30:16,DESKTOP-VVR72A9,Parallel,100000,389,0.23508
2025-11-01T13:30:16,DESKTOP-VVR72A9,Parallel,10000,390,0.01958
2025-11-01T13:30:16,DESKTOP-VVR72A9,Sequential,200000,391,0.45845
2025-11-01T13:30:16,DESKTOP-VVR72A9,Sequential,1000000,392,1.81959
2025-11-01T13:30:16,DESKTOP-VVR72A9,Sequential,500000,393,1.00055
2025-11-01T13:30:16,DESKTOP-VVR72A9,Parallel,500000,394,0.63331
2025-11-01T13:30:16,DESKTOP-VVR72A9,Parallel,10000,395,0.02133
2025-11-01T13:30:16,DESKTOP-VVR72A9,Parallel,10000,396,0.02241
2025-11-01T13:30:16,DESKTOP-VVR72A9,Sequential,2000000,397,3.94101
2025-11-01T13:30:16,DESKTOP-VVR72A9,Parallel,500000,398,0.59439
2025-11-01T13:30:16,DESKTOP-VVR72A9,Sequential,50000,399,0.09858
2025-11-01T13:30:16,DESKTOP-VVR72A9,Sequential,2000000,400,3.4206
2025-11-01T13:30:16,DESKTOP-VVR72A9,Parallel,2000000,401,3.34916
2025-11-01T13:30:16,DESKTOP-VVR72A9,Parallel,2000000,402,2.93601
2025-11-01T13:30:16,DESKTOP-VVR72A9,Sequential,10000,403,0.0203
2025-11-01T13:30:16,DESKTOP-VVR72A9,Parallel,200000,404,0.41517
2025-11-01T13:30:16,DESKTOP-VVR72A9,Sequential,1000000,405,1.84749
2025-11-01T13:30:16,DESKTOP-VVR72A9,Sequential,2000000,406,4.38477
2025-11-01T13:30:16,DESKTOP-VVR72A9,Parallel,50000,407,0.11609
2025-11-01T13:30:16,DESKTOP-VVR72A9,Parallel,100000,408,0.23072
2025-11-01T13:30:16,DESKTOP-VVR72A9,Sequential,10000,409,0.02106
2025-11-01T13:30:16,DESKTOP-VVR72A9,Parallel,1000000,410,1.60707
2025-11-01T13:30:16,DESKTOP-VVR72A9,Sequential,100000,411,0.20602
2025-11-01T13:30:16,DESKTOP-VVR72A9,Parallel,100000,412,0.18311
2025-11-01T13:30:16,DESKTOP-VVR72A9,Parallel,10000,413,0.01759
2025-11-01T13:30:16,DESKTOP-VVR72A9,Parallel,200000,414,0.35588
2025-11-01T13:30:16,DESKTOP-VVR72A9,Parallel,1000000,415,1.48288
2025-11-01T13:30:16,DESKTOP-VVR72A9,Parallel,10000,416,0.01852
2025-11-01T13:30:16,DESKTOP-VVR72A9,Parallel,100000,417,0.16748
2025-11-01T13:30:16,DESKTOP-VVR72A9,Sequential,10000,418,0.023
2025-11-01T13:30:16,DESKTOP-VVR72A9,Sequential,500000,419,0.89923
2025-11-01T13:30:16,DESKTOP-VVR72A9,Sequential,50000,420,0.0958
2025-11-01T13:30:16,DESKTOP-VVR72A9,Parallel,50000,421,0.10797
2025-11-01T13:30:16,DESKTOP-VVR72A9,Parallel,50000,422,0.09238
2025-11-01T13:30:16,DESKTOP-VVR72A9,Sequential,50000,423,0.10146
2025-11-01T13:30:16,DESKTOP-VVR72A9,Parallel,50000,424,0.11653
2025-11-01T13:30:16,DESKTOP-VVR72A9,Sequential,200000,425,0.43281
2025-11-01T13:30:16,DESKTOP-VVR72A9,Sequential,500000,426,0.91244
2025-11-01T13:30:16,DESKTOP-VVR72A9,Parallel,2000000,427,3.22309
2025-11-01T13:30:16,DESKTOP-VVR72A9,Sequential,200000,428,0.41463
2025-11-01T13:30:16,DESKTOP-VVR72A9,Parallel,500000,429,0.76529
2025-11-01T13:30:16,DESKTOP-VVR72A9,Parallel,1000000,430,1.52625
2025-11-01T13:30:16,DESKTOP-VVR72A9,Sequential,100000,431,0.1686
2025-11-01T13:30:16,DESKTOP-VVR72A9,Parallel,100000,432,0.21464
2025-11-01T13:30:16,DESKTOP-VVR72A9,Parallel,50000,433,0.08555
2025-11-01T13:30:16,DESKTOP-VVR72A9,Sequential,50000,434,0.11544
2025-11-01T13:30:16,DESKTOP-VVR72A9,Sequential,10000,435,0.01711
2025-11-01T13:30:16,DESKTOP-VVR72A9,Sequential,500000,436,1.06845
2025-11-01T13:30:16,DESKTOP-VVR72A9,Sequential,500000,437,0.98443
2025-11-01T13:30:16,DESKTOP-VVR72A9,Parallel,200000,438,0.47313
2025-11-01T13:30:16,DESKTOP-VVR72A9,Sequential,50000,439,0.11444
2025-11-01T13:30:16,DESKTOP-VVR72A9,Sequential,200000,440,0.36387
2025-11-01T13:30:16,DESKTOP-VVR72A9,Parallel,500000,441,0.78451
2025-11-01T13:30:16,DESKTOP-VVR72A9,Parallel,100000,442,0.16681
2025-11-01T13:30:16,DESKTOP-VVR72A9,Sequential,1000000,443,2.08983
2025-11-01T13:30:16,DESKTOP-VVR72A9,Parallel,100000,444,0.22709
2025-11-01T13:30:16,DESKTOP-VVR72A9,Parallel,50000,445,0.11731
2025-11-01T13:30:16,DESKTOP-VVR72A9,Parallel,200000,446,0.37406
2025-11-01T13:30:16,DESKTOP-VVR72A9,Parallel,10000,447,0.01853
2025-11-01T13:30:16,DESKTOP-VVR72A9,Parallel,2000000,448,3.00898
2025-11-01T13:30:16,DESKTOP-VVR72A9,Parallel,500000,449,0.64278
2025-11-01T13:30:16,DESKTOP-VVR72A9,Sequential,500000,450,0.89879
2025-11-01T13:30:16,DESKTOP-VVR72A9,Parallel,10000,451,0.02383
2025-11-01T13:30:16,DESKTOP-VVR72A9,Sequential,10000,452,0.02054
2025-11-01T13:30:16,DESKTOP-VVR72A9,Sequential,100000,453,0.16432
2025-11-01T13:30:16,DESKTOP-VVR72A9,Sequential,500000,454,1.00978
2025-11-01T13:30:16,DESKTOP-VVR72A9,Parallel,50000,455,0.09484
2025-11-01T13:30:16,DESKTOP-VVR72A9,Sequential,1000000,456,2.21783
2025-11-01T13:30:16,DESKTOP-VVR72A9,Parallel,50000,457,0.10524
2025-11-01T13:30:16,DESKTOP-VVR72A9,Sequential,2000000,458,3.61909
2025-11-01T13:30:16,DESKTOP-VVR72A9,Sequential,1000000,459,2.27551
2025-11-01T13:30:16,DESKTOP-VVR72A9,Sequential,10000,460,0.01835
2025-11-01T13:30:16,DESKTOP-VVR72A9,Parallel,500000,461,0.74763
2025-11-01T13:30:16,DESKTOP-VVR72A9,Sequential,500000,462,0.88613
2025-11-01T13:30:16,DESKTOP-VVR72A9,Sequential,100000,463,0.1657
2025-11-01T13:30:16,DESKTOP-VVR72A9,Parallel,100000,464,0.17743
2025-11-01T13:30:16,DESKTOP-VVR72A9,Sequential,50000,465,0.10716
2025-11-01T13:30:16,DESKTOP-VVR72A9,Sequential,500000,466,1.0049
2025-11-01T13:30:16,DESKTOP-VVR72A9,Parallel,10000,467,0.02148
2025-11-01T13:30:16,DESKTOP-VVR72A9,Sequential,1000000,468,1.70515
2025-11-01T13:30:16,DESKTOP-VVR72A9,Parallel,50000,469,0.08738
2025-11-01T13:30:16,DESKTOP-VVR72A9,Sequential,1000000,470,1.66474
2025-11-01T13:30:16,DESKTOP-VVR72A9,Sequential,10000,471,0.01885
2025-11-01T13:30:16,DESKTOP-VVR72A9,Sequential,500000,472,0.89416
2025-11-01T13:30:16,DESKTOP-VVR72A9,Sequential,100000,473,0.23608
2025-11-01T13:30:16,DESKTOP-VVR72A9,Sequential,100000,474,0.22515
2025-11-01T13:30:16,DESKTOP-VVR72A9,Sequential,200000,475,0.44036
2025-11-01T13:30:16,DESKTOP-VVR72A9,Sequential,100000,476,0.16062
2025-11-01T13:30:16,DESKTOP-VVR72A9,Sequential,2000000,477,4.00601
2025-11-01T13:30:16,DESKTOP-VVR72A9,Sequential,50000,478,0.08031
2025-11-01T13:30:16,DESKTOP-VVR72A9,Parallel,200000,479,0.43459
2025-11-01T13:30:16,DESKTOP-VVR72A9,Sequential,1000000,480,1.95045
2025-11-01T13:30:16,DESKTOP-VVR72A9,Parallel,500000,481,0.60789
2025-11-01T13:30:16,DESKTOP-VVR72A9,Parallel,10000,482,0.01837
2025-11-01T13:30:16,DESKTOP-VVR72A9,Parallel,1000000,483,1.28767
2025-11-01T13:30:16,DESKTOP-VVR72A9,Sequential,1000000,484,2.36356
2025-11-01T13:30:16,DESKTOP-VVR72A9,Sequential,2000000,485,3.28943
2025-11-01T13:30:16,DESKTOP-VVR72A9,Sequential,500000,486,1.15784
2025-11-01T13:30:16,DESKTOP-VVR72A9,Parallel,50000,487,0.11914
2025-11-01T13:30:16,DESKTOP-VVR72A9,Parallel,50000,488,0.11535
2025-11-01T13:30:16,DESKTOP-VVR72A9,Parallel,500000,489,0.62318
2025-11-01T13:30:16,DESKTOP-VVR72A9,Parallel,200000,490,0.45683
2025-11-01T13:30:16,DESKTOP-VVR72A9,Sequential,200000,491,0.37828
2025-11-01T13:30:16,DESKTOP-VVR72A9,Parallel,50000,492,0.11369
2025-11-01T13:30:16,DESKTOP-VVR72A9,Sequential,50000,493,0.0857
2025-11-01T13:30:16,DESKTOP-VVR72A9,Parallel,500000,494,0.83608
2025-11-01T13:30:16,DESKTOP-VVR72A9,Sequential,50000,495,0.11572
2025-11-01T13:30:16,DESKTOP-VVR72A9,Sequential,2000000,496,4.39294
2025-11-01T13:30:16,DESKTOP-VVR72A9,Parallel,100000,497,0.22643
2025-11-01T13:30:16,DESKTOP-VVR72A9,Parallel,10000,498,0.02059
2025-11-01T13:30:16,DESKTOP-VVR72A9,Parallel,100000,499,0.17547
2025-11-01T13:30:16,DESKTOP-VVR72A9,Parallel,500000,500,0.68872
2025-11-01T13:30:16,DESKTOP-VVR72A9,Sequential,10000,501,0.01735
2025-11-01T13:30:16,DESKTOP-VVR72A9,Sequential,1000000,502,2.25034
2025-11-01T13:30:16,DESKTOP-VVR72A9,Sequential,2000000,503,3.43643
2025-11-01T13:30:16,DESKTOP-VVR72A9,Sequential,1000000,504,1.71621
2025-11-01T13:30:16,DESKTOP-VVR72A9,Sequential,100000,505,0.23701
2025-11-01T13:30:16,DESKTOP-VVR72A9,Parallel,2000000,506,2.86001
2025-11-01T13:30:16,DESKTOP-VVR72A9,Parallel,500000,507,0.7134
2025-11-01T13:30:16,DESKTOP-VVR72A9,Parallel,500000,508,0.70958
2025-11-01T13:30:16,DESKTOP-VVR72A9,Parallel,50000,509,0.10073
2025-11-01T13:30:16,DESKTOP-VVR72A9,Sequential,10000,510,0.01647
2025-11-01T13:30:16,DESKTOP-VVR72A9,Parallel,100000,511,0.1672
2025-11-01T13:30:16,DESKTOP-VVR72A9,Sequential,50000,512,0.0986
2025-11-01T13:30:16,DESKTOP-VVR72A9,Sequential,50000,513,0.09917
2025-11-01T13:30:16,DESKTOP-VVR72A9,Parallel,200000,514,0.45129
2025-11-01T13:30:16,DESKTOP-VVR72A9,Sequential,1000000,515,2.37477
2025-11-01T13:30:16,DESKTOP-VVR72A9,Parallel,500000,516,0.79459
2025-11-01T13:30:16,DESKTOP-VVR72A9,Sequential,200000,517,0.40189
2025-11-01T13:30:16,DESKTOP-VVR72A9,Parallel,2000000,518,2.44369
2025-11-01T13:30:16,DESKTOP-VVR72A9,Sequential,2000000,519,3.87467
2025-11-01T13:30:16,DESKTOP-VVR72A9,Parallel,100000,520,0.19894
2025-11-01T13:30:16,DESKTOP-VVR72A9,Parallel,10000,521,0.0162
2025-11-01T13:30:16,DESKTOP-VVR72A9,Parallel,2000000,522,3.01634
2025-11-01T13:30:16,DESKTOP-VVR72A9,Sequential,50000,523,0.11956
2025-11-01T13:30:16,DESKTOP-VVR72A9,Parallel,1000000,524,1.26435
2025-11-01T13:30:16,DESKTOP-VVR72A9,Sequential,50000,525,0.11567
2025-11-01T13:30:16,DESKTOP-VVR72A9,Sequential,100000,526,0.1907
2025-11-01T13:30:16,DESKTOP-VVR72A9,Sequential,10000,527,0.02105
2025-11-01T13:30:16,DESKTOP-VVR72A9,Parallel,50000,528,0.10974
2025-11-01T13:30:16,DESKTOP-VVR72A9,Sequential,1000000,529,2.06107
2025-11-01T13:30:16,DESKTOP-VVR72A9,Sequential,100000,530,0.20287
2025-11-01T13:30:16,DESKTOP-VVR72A9,Parallel,2000000,531,2.43413
2025-11-01T13:30:16,DESKTOP-VVR72A9,Sequential,2000000,532,4.64553
2025-11-01T13:30:16,DESKTOP-VVR72A9,Sequential,100000,533,0.22288
2025-11-01T13:30:16,DESKTOP-VVR72A9,Parallel,500000,534,0.69987
2025-11-01T13:30:16,DESKTOP-VVR72A9,Sequential,50000,535,0.0961
2025-11-01T13:30:16,DESKTOP-VVR72A9,Parallel,500000,536,0.59898
2025-11-01T13:30:16,DESKTOP-VVR72A9,Sequential,500000,537,1.04397
2025-11-01T13:30:16,DESKTOP-VVR72A9,Sequential,50000,538,0.11138
2025-11-01T13:30:16,DESKTOP-VVR72A9,Sequential,100000,539,0.23163
2025-11-01T13:30:16,DESKTOP-VVR72A9,Sequential,10000,540,0.01968
2025-11-01T13:30:16,DESKTOP-VVR72A9,Parallel,2000000,541,2.55672
2025-11-01T13:30:16,DESKTOP-VVR72A9,Sequential,2000000,542,3.42699
2025-11-01T13:30:16,DESKTOP-VVR72A9,Parallel,10000,543,0.0169
2025-11-01T13:30:16,DESKTOP-VVR72A9,Sequential,1000000,544,1.78058
2025-11-01T13:30:16,DESKTOP-VVR72A9,Sequential,100000,545,0.20678
2025-11-01T13:30:16,DESKTOP-VVR72A9,Sequential,1000000,546,2.1615
2025-11-01T13:30:16,DESKTOP-VVR72A9,Sequential,100000,547,0.23041
2025-11-01T13:30:16,DESKTOP-VVR72A9,Parallel,500000,548,0.80915
2025-11-01T13:30:16,DESKTOP-VVR72A9,Parallel,1000000,549,1.32782
2025-11-01T13:30:16,DESKTOP-VVR72A9,Sequential,50000,550,0.10889
2025-11-01T13:30:16,DESKTOP-VVR72A9,Sequential,2000000,551,3.52511
2025-11-01T13:30:16,DESKTOP-VVR72A9,Sequential,50000,552,0.1
2025-11-01T13:30:16,DESKTOP-VVR72A9,Sequential,10000,553,0.02371
2025-11-01T13:30:16,DESKTOP-VVR72A9,Parallel,100000,554,0.19269
2025-11-01T13:30:16,DESKTOP-VVR72A9,Sequential,100000,555,0.22118
2025-11-01T13:30:16,DESKTOP-VVR72A9,Sequential,500000,556,1.10215
2025-11-01T13:30:16,DESKTOP-VVR72A9,Parallel,50000,557,0.11285
2025-11-01T13:30:16,DESKTOP-VVR72A9,Parallel,10000,558,0.02078
2025-11-01T13:30:16,DESKTOP-VVR72A9,Parallel,200000,559,0.44052
2025-11-01T13:30:16,DESKTOP-VVR72A9,Parallel,1000000,560,1.65487
2025-11-01T13:30:16,DESKTOP-VVR72A9,Parallel,200000,561,0.39265
2025-11-01T13:30:16,DESKTOP-VVR72A9,Sequential,500000,562,0.88264
2025-11-01T13:30:16,DESKTOP-VVR72A9,Parallel,200000,563,0.38104
2025-11-01T13:30:16,DESKTOP-VVR72A9,Sequential,50000,564,0.10271
2025-11-01T13:30:16,DESKTOP-VVR72A9,Parallel,200000,565,0.41647
2025-11-01T13:30:16,DESKTOP-VVR72A9,Sequential,50000,566,0.09383
2025-11-01T13:30:16,DESKTOP-VVR72A9,Sequential,2000000,567,4.24604
2025-11-01T13:30:16,DESKTOP-VVR72A9,Sequential,50000,568,0.08791
2025-11-01T13:30:16,DESKTOP-VVR72A9,Sequential,200000,569,0.35511
2025-11-01T13:30:16,DESKTOP-VVR72A9,Parallel,100000,570,0.22231
2025-11-01T13:30:16,DESKTOP-VVR72A9,Parallel,50000,571,0.10566
2025-11-01T13:30:16,DESKTOP-VVR72A9,Parallel,2000000,572,3.14619
2025-11-01T13:30:16,DESKTOP-VVR72A9,Sequential,1000000,573,2.02474
2025-11-01T13:30:16,DESKTOP-VVR72A9,Parallel,1000000,574,1.53629
2025-11-01T13:30:16,DESKTOP-VVR72A9,Parallel,10000,575,0.01739
2025-11-01T13:30:16,DESKTOP-VVR72A9,Parallel,1000000,576,1.35094
2025-11-01T13:30:16,DESKTOP-VVR72A9,Sequential,1000000,577,2.20353
2025-11-01T13:30:16,DESKTOP-VVR72A9,Parallel,500000,578,0.76921
2025-11-01T13:30:16,DESKTOP-VVR72A9,Sequential,200000,579,0.34994
2025-11-01T13:30:16,DESKTOP-VVR72A9,Parallel,500000,580,0.58885
2025-11-01T13:30:16,DESKTOP-VVR72A9,Parallel,1000000,581,1.29472
2025-11-01T13:30:16,DESKTOP-VVR72A9,Sequential,2000000,582,3.61694
2025-11-01T13:30:16,DESKTOP-VVR72A9,Sequential,100000,583,0.21326
2025-11-01T13:30:16,DESKTOP-VVR72A9,Parallel,100000,584,0.16114
2025-11-01T13:30:16,DESKTOP-VVR72A9,Parallel,50000,585,0.10667
2025-11-01T13:30:16,DESKTOP-VVR72A9,Parallel,200000,586,0.3851
2025-11-01T13:30:16,DESKTOP-VVR72A9,Sequential,100000,587,0.22558
2025-11-01T13:30:16,DESKTOP-VVR72A9,Parallel,100000,588,0.21199
2025-11-01T13:30:16,DESKTOP-VVR72A9,Parallel,50000,589,0.11414
2025-11-01T13:30:16,DESKTOP-VVR72A9,Sequential,50000,590,0.10274
2025-11-01T13:30:16,DESKTOP-VVR72A9,Parallel,2000000,591,3.31104
2025-11-01T13:30:16,DESKTOP-VVR72A9,Sequential,100000,592,0.23903
2025-11-01T13:30:16,DESKTOP-VVR72A9,Parallel,500000,593,0.82828
2025-11-01T13:30:16,DESKTOP-VVR72A9,Parallel,50000,594,0.09552
2025-11-01T13:30:16,DESKTOP-VVR72A9,Sequential,200000,595,0.4743
2025-11-01T13:30:16,DESKTOP-VVR72A9,Sequential,10000,596,0.02221
2025-11-01T13:30:16,DESKTOP-VVR72A9,Sequential,10000,597,0.02354
2025-11-01T13:30:16,DESKTOP-VVR72A9,Parallel,10000,598,0.02334
2025-11-01T13:30:16,DESKTOP-VVR72A9,Parallel,500000,599,0.74815
2025-11-01T13:30:16,DESKTOP-VVR72A9,Sequential,1000000,600,1.89043
2025-11-01T13:30:16,DESKTOP-VVR72A9,Sequential,10000,601,0.02321
2025-11-01T13:30:16,DESKTOP-VVR72A9,Sequential,10000,602,0.01643
2025-11-01T13:30:16,DESKTOP-VVR72A9,Parallel,500000,603,0.79853
2025-11-01T13:30:16,DESKTOP-VVR72A9,Parallel,500000,604,0.56148
2025-11-01T13:30:16,DESKTOP-VVR72A9,Sequential,100000,605,0.19253
2025-11-01T13:30:16,DESKTOP-VVR72A9,Sequential,200000,606,0.34779
2025-11-01T13:30:16,DESKTOP-VVR72A9,Sequential,10000,607,0.02122
2025-11-01T13:30:16,DESKTOP-VVR72A9,Sequential,200000,608,0.46925
2025-11-01T13:30:16,DESKTOP-VVR72A9,Sequential,100000,609,0.17774
2025-11-01T13:30:16,DESKTOP-VVR72A9,Parallel,50000,610,0.10652
2025-11-01T13:30:16,DESKTOP-VVR72A9,Parallel,1000000,611,1.44993
2025-11-01T13:30:16,DESKTOP-VVR72A9,Sequential,2000000,612,3.62538
2025-11-01T13:30:16,DESKTOP-VVR72A9,Parallel,2000000,613,2.42169
2025-11-01T13:30:16,DESKTOP-VVR72A9,Sequential,500000,614,1.0144
2025-11-01T13:30:16,DESKTOP-VVR72A9,Parallel,200000,615,0.40333
2025-11-01T13:30:16,DESKTOP-VVR72A9,Sequential,1000000,616,2.39817
2025-11-01T13:30:16,DESKTOP-VVR72A9,Parallel,500000,617,0.71375
2025-11-01T13:30:16,DESKTOP-VVR72A9,Parallel,200000,618,0.3682
2025-11-01T13:30:16,DESKTOP-VVR72A9,Parallel,1000000,619,1.27913
2025-11-01T13:30:16,DESKTOP-VVR72A9,Sequential,50000,620,0.08119
2025-11-01T13:30:16,DESKTOP-VVR72A9,Parallel,200000,621,0.33025
2025-11-01T13:30:16,DESKTOP-VVR72A9,Sequential,1000000,622,1.64789
2025-11-01T13:30:16,DESKTOP-VVR72A9,Sequential,1000000,623,2.18331
2025-11-01T13:30:16,DESKTOP-VVR72A9,Sequential,10000,624,0.02355
2025-11-01T13:30:16,DESKTOP-VVR72A9,Parallel,2000000,625,3.25578
2025-11-01T13:30:16,DESKTOP-VVR72A9,Sequential,100000,626,0.20329
2025-11-01T13:30:16,DESKTOP-VVR72A9,Sequential,200000,627,0.32694
2025-11-01T13:30:16,DESKTOP-VVR72A9,Parallel,10000,628,0.02372
2025-11-01T13:30:16,DESKTOP-VVR72A9,Parallel,200000,629,0.47928
2025-11-01T13:30:16,DESKTOP-VVR72A9,Parallel,50000,630,0.10032
2025-11-01T13:30:16,DESKTOP-VVR72A9,Sequential,2000000,631,4.178
2025-11-01T13:30:16,DESKTOP-VVR72A9,Sequential,50000,632,0.10074
2025-11-01T13:30:16,DESKTOP-VVR72A9,Parallel,2000000,633,2.38264
2025-11-01T13:30:16,DESKTOP-VVR72A9,Parallel,10000,634,0.01812
2025-11-01T13:30:16,DESKTOP-VVR72A9,Sequential,200000,635,0.37374
2025-11-01T13:30:16,DESKTOP-VVR72A9,Parallel,200000,636,0.38647
2025-11-01T13:30:16,DESKTOP-VVR72A9,Sequential,2000000,637,4.19876
2025-11-01T13:30:16,DESKTOP-VVR72A9,Sequential,2000000,638,4.09329
2025-11-01T13:30:16,DESKTOP-VVR72A9,Sequential,500000,639,1.15776
2025-11-01T13:30:16,DESKTOP-VVR72A9,Parallel,200000,640,0.3544
2025-11-01T13:30:16,DESKTOP-VVR72A9,Parallel,10000,641,0.02062
2025-11-01T13:30:16,DESKTOP-VVR72A9,Sequential,100000,642,0.23807
2025-11-01T13:30:16,DESKTOP-VVR72A9,Parallel,10000,643,0.01797
2025-11-01T13:30:16,DESKTOP-VVR72A9,Sequential,200000,644,0.34704
2025-11-01T13:30:16,DESKTOP-VVR72A9,Sequential,10000,645,0.01816
2025-11-01T13:30:16,DESKTOP-VVR72A9,Sequential,100000,646,0.20943
2025-11-01T13:30:16,DESKTOP-VVR72A9,Sequential,100000,647,0.16419
2025-11-01T13:30:16,DESKTOP-VVR72A9,Parallel,100000,648,0.18705
2025-11-01T13:30:16,DESKTOP-VVR72A9,Parallel,1000000,649,1.41095
2025-11-01T13:30:16,DESKTOP-VVR72A9,Parallel,50000,650,0.08126
2025-11-01T13:30:16,DESKTOP-VVR72A9,Parallel,200000,651,0.39694
2025-11-01T13:30:16,DESKTOP-VVR72A9,Sequential,1000000,652,2.31589
2025-11-01T13:30:16,DESKTOP-VVR72A9,Sequential,500000,653,0.94625
2025-11-01T13:30:16,DESKTOP-VVR72A9,Sequential,1000000,654,1.88475
2025-11-01T13:30:16,DESKTOP-VVR72A9,Sequential,100000,655,0.18586
2025-11-01T13:30:16,DESKTOP-VVR72A9,Sequential,200000,656,0.40799
2025-11-01T13:30:16,DESKTOP-VVR72A9,Sequential,200000,657,0.37826
2025-11-01T13:30:16,DESKTOP-VVR72A9,Parallel,500000,658,0.72755
2025-11-01T13:30:16,DESKTOP-VVR72A9,Sequential,200000,659,0.43735
2025-11-01T13:30:16,DESKTOP-VVR72A9,Parallel,500000,660,0.59244
2025-11-01T13:30:16,DESKTOP-VVR72A9,Sequential,500000,661,1.0692
2025-11-01T13:30:16,DESKTOP-VVR72A9,Sequential,10000,662,0.02324
2025-11-01T13:30:16,DESKTOP-VVR72A9,Parallel,10000,663,0.01743
2025-11-01T13:30:16,DESKTOP-VVR72A9,Sequential,200000,664,0.47633
2025-11-01T13:30:16,DESKTOP-VVR72A9,Parallel,100000,665,0.18035
2025-11-01T13:30:16,DESKTOP-VVR72A9,Sequential,2000000,666,4.0197
2025-11-01T13:30:16,DESKTOP-VVR72A9,Sequential,2000000,667,3.73573
2025-11-01T13:30:16,DESKTOP-VVR72A9,Parallel,1000000,668,1.49338
2025-11-01T13:30:16,DESKTOP-VVR72A9,Parallel,50000,669,0.10647
2025-11-01T13:30:16,DESKTOP-VVR72A9,Sequential,200000,670,0.3956
2025-11-01T13:30:16,DESKTOP-VVR72A9,Sequential,1000000,671,2.16617
2025-11-01T13:30:16,DESKTOP-VVR72A9,Sequential,500000,672,1.10001
2025-11-01T13:30:16,DESKTOP-VVR72A9,Sequential,50000,673,0.10245
2025-11-01T13:30:16,DESKTOP-VVR72A9,Parallel,10000,674,0.02057
2025-11-01T13:30:16,DESKTOP-VVR72A9,Sequential,2000000,675,4.59621
2025-11-01T13:30:16,DESKTOP-VVR72A9,Sequential,10000,676,0.01859
2025-11-01T13:30:16,DESKTOP-VVR72A9,Parallel,200000,677,0.3989
2025-11-01T13:30:16,DESKTOP-VVR72A9,Parallel,2000000,678,2.92735
2025-11-01T13:30:16,DESKTOP-VVR72A9,Sequential,50000,679,0.11451
2025-11-01T13:30:16,DESKTOP-VVR72A9,Sequential,2000000,680,3.87902
2025-11-01T13:30:16,DESKTOP-VVR72A9,Parallel,100000,681,0.18845
2025-11-01T13:30:16,DESKTOP-VVR72A9,Sequential,1000000,682,1.99516
2025-11-01T13:30:16,DESKTOP-VVR72A9,Sequential,10000,683,0.02283
2025-11-01T13:30:16,DESKTOP-VVR72A9,Sequential,50000,684,0.10345
2025-11-01T13:30:16,DESKTOP-VVR72A9,Sequential,100000,685,0.21157
2025-11-01T13:30:16,DESKTOP-VVR72A9,Sequential,10000,686,0.02318
2025-11-01T13:30:16,DESKTOP-VVR72A9,Parallel,500000,687,0.71526
2025-11-01T13:30:16,DESKTOP-VVR72A9,Sequential,200000,688,0.40517
2025-11-01T13:30:16,DESKTOP-VVR72A9,Parallel,10000,689,0.01833
2025-11-01T13:30:16,DESKTOP-VVR72A9,Parallel,200000,690,0.46669
2025-11-01T13:30:16,DESKTOP-VVR72A9,Sequential,2000000,691,3.98983
2025-11-01T13:30:16,DESKTOP-VVR72A9,Sequential,200000,692,0.36385
2025-11-01T13:30:16,DESKTOP-VVR72A9,Sequential,500000,693,0.84712
2025-11-01T13:30:16,DESKTOP-VVR72A9,Parallel,10000,694,0.01742
2025-11-01T13:30:16,DESKTOP-VVR72A9,Parallel,10000,695,0.01995
2025-11-01T13:30:16,DESKTOP-VVR72A9,Sequential,1000000,696,1.71556
2025-11-01T13:30:16,DESKTOP-VVR72A9,Sequential,200000,697,0.42779
2025-11-01T13:30:16,DESKTOP-VVR72A9,Sequential,2000000,698,3.77799
2025-11-01T13:30:16,DESKTOP-VVR72A9,Parallel,50000,699,0.08273
2025-11-01T13:30:16,DESKTOP-VVR72A9,Sequential,200000,700,0.4471
2025-11-01T13:30:16,DESKTOP-VVR72A9,Parallel,200000,701,0.45667
2025-11-01T13:30:16,DESKTOP-VVR72A9,Parallel,2000000,702,2.63898
2025-11-01T13:30:16,DESKTOP-VVR72A9,Sequential,2000000,703,3.89971
2025-11-01T13:30:16,DESKTOP-VVR72A9,Sequential,50000,704,0.11857
2025-11-01T13:30:16,DESKTOP-VVR72A9,Sequential,500000,705,1.06644
2025-11-01T13:30:16,DESKTOP-VVR72A9,Sequential,1000000,706,1.94531
2025-11-01T13:30:16,DESKTOP-VVR72A9,Parallel,1000000,707,1.51552
2025-11-01T13:30:16,DESKTOP-VVR72A9,Sequential,10000,708,0.02366
2025-11-01T13:30:16,DESKTOP-VVR72A9,Sequential,1000000,709,1.73928
2025-11-01T13:30:16,DESKTOP-VVR72A9,Sequential,10000,710,0.02328
2025-11-01T13:30:16,DESKTOP-VVR72A9,Parallel,200000,711,0.35822
2025-11-01T13:30:16,DESKTOP-VVR72A9,Parallel,50000,712,0.11964
2025-11-01T13:30:16,DESKTOP-VVR72A9,Sequential,2000000,713,4.03684
2025-11-01T13:30:16,DESKTOP-VVR72A9,Parallel,100000,714,0.17436
2025-11-01T13:30:16,DESKTOP-VVR72A9,Parallel,1000000,715,1.48132
2025-11-01T13:30:16,DESKTOP-VVR72A9,Sequential,500000,716,0.80169
2025-11-01T13:30:16,DESKTOP-VVR72A9,Sequential,10000,717,0.02361
2025-11-01T13:30:16,DESKTOP-VVR72A9,Parallel,200000,718,0.47821
2025-11-01T13:30:16,DESKTOP-VVR72A9,Sequential,1000000,719,2.22274
2025-11-01T13:30:16,DESKTOP-VVR72A9,Parallel,10000,720,0.01797
2025-11-01T13:30:16,DESKTOP-VVR72A9,Parallel,2000000,721,2.28049
2025-11-01T13:30:16,DESKTOP-VVR72A9,Parallel,2000000,722,3.05605
2025-11-01T13:30:16,DESKTOP-VVR72A9,Parallel,200000,723,0.46422
2025-11-01T13:30:16,DESKTOP-VVR72A9,Sequential,1000000,724,1.98254
2025-11-01T13:30:16,DESKTOP-VVR72A9,Parallel,500000,725,0.66672
2025-11-01T13:30:16,DESKTOP-VVR72A9,Parallel,500000,726,0.61155
2025-11-01T13:30:16,DESKTOP-VVR72A9,Sequential,1000000,727,1.63813
2025-11-01T13:30:16,DESKTOP-VVR72A9,Parallel,1000000,728,1.3603
2025-11-01T13:30:16,DESKTOP-VVR72A9,Parallel,1000000,729,1.2526
2025-11-01T13:30:16,DESKTOP-VVR72A9,Parallel,100000,730,0.20149
2025-11-01T13:30:16,DESKTOP-VVR72A9,Sequential,2000000,731,4.50084
2025-11-01T13:30:16,DESKTOP-VVR72A9,Sequential,100000,732,0.20889
2025-11-01T13:30:16,DESKTOP-VVR72A9,Sequential,500000,733,0.82594
2025-11-01T13:30:16,DESKTOP-VVR72A9,Sequential,500000,734,1.05368
2025-11-01T13:30:16,DESKTOP-VVR72A9,Parallel,500000,735,0.71006
2025-11-01T13:30:16,DESKTOP-VVR72A9,Parallel,100000,736,0.16142
2025-11-01T13:30:16,DESKTOP-VVR72A9,Sequential,500000,737,1.09247
2025-11-01T13:30:16,DESKTOP-VVR72A9,Sequential,2000000,738,3.34179
2025-11-01T13:30:16,DESKTOP-VVR72A9,Sequential,500000,739,0.86173
2025-11-01T13:30:16,DESKTOP-VVR72A9,Sequential,10000,740,0.02306
2025-11-01T13:30:16,DESKTOP-VVR72A9,Parallel,100000,741,0.21672
2025-11-01T13:30:16,DESKTOP-VVR72A9,Sequential,50000,742,0.11279
2025-11-01T13:30:16,DESKTOP-VVR72A9,Parallel,10000,743,0.01928
2025-11-01T13:30:16,DESKTOP-VVR72A9,Parallel,100000,744,0.16435
2025-11-01T13:30:16,DESKTOP-VVR72A9,Parallel,200000,745,0.35654
2025-11-01T13:30:16,DESKTOP-VVR72A9,Parallel,1000000,746,1.47241
2025-11-01T13:30:16,DESKTOP-VVR72A9,Parallel,2000000,747,2.26006
2025-11-01T13:30:16,DESKTOP-VVR72A9,Parallel,50000,748,0.09557
2025-11-01T13:30:16,DESKTOP-VVR72A9,Sequential,10000,749,0.02272
2025-11-01T13:30:16,DESKTOP-VVR72A9,Parallel,500000,750,0.61302
2025-11-01T13:30:16,DESKTOP-VVR72A9,Parallel,50000,751,0.1007
2025-11-01T13:30:16,DESKTOP-VVR72A9,Parallel,2000000,752,3.20615
2025-11-01T13:30:16,DESKTOP-VVR72A9,Parallel,1000000,753,1.166
2025-11-01T13:30:16,DESKTOP-VVR72A9,Sequential,200000,754,0.36736
2025-11-01T13:30:16,DESKTOP-VVR72A9,Sequential,1000000,755,1.64365
2025-11-01T13:30:16,DESKTOP-VVR72A9,Parallel,200000,756,0.39494
2025-11-01T13:30:16,DESKTOP-VVR72A9,Parallel,2000000,757,2.84398
2025-11-01T13:30:16,DESKTOP-VVR72A9,Parallel,10000,758,0.01968
2025-11-01T13:30:16,DESKTOP-VVR72A9,Parallel,100000,759,0.18492
2025-11-01T13:30:16,DESKTOP-VVR72A9,Sequential,200000,760,0.33475
2025-11-01T13:30:16,DESKTOP-VVR72A9,Parallel,200000,761,0.38733
2025-11-01T13:30:16,DESKTOP-VVR72A9,Parallel,2000000,762,3.07334
2025-11-01T13:30:16,DESKTOP-VVR72A9,Parallel,100000,763,0.17876
2025-11-01T13:30:16,DESKTOP-VVR72A9,Sequential,2000000,764,4.15825
2025-11-01T13:30:16,DESKTOP-VVR72A9,Parallel,1000000,765,1.35744
2025-11-01T13:30:16,DESKTOP-VVR72A9,Sequential,50000,766,0.10007
2025-11-01T13:30:16,DESKTOP-VVR72A9,Parallel,1000000,767,1.33306
2025-11-01T13:30:16,DESKTOP-VVR72A9,Sequential,50000,768,0.09409
2025-11-01T13:30:16,DESKTOP-VVR72A9,Parallel,500000,769,0.65911
2025-11-01T13:30:16,DESKTOP-VVR72A9,Parallel,1000000,770,1.47872
2025-11-01T13:30:16,DESKTOP-VVR72A9,Sequential,500000,771,1.10151
2025-11-01T13:30:16,DESKTOP-VVR72A9,Sequential,50000,772,0.11303
2025-11-01T13:30:16,DESKTOP-VVR72A9,Sequential,500000,773,0.9527
2025-11-01T13:30:16,DESKTOP-VVR72A9,Parallel,50000,774,0.08331
2025-11-01T13:30:16,DESKTOP-VVR72A9,Sequential,50000,775,0.10076
2025-11-01T13:30:16,DESKTOP-VVR72A9,Sequential,200000,776,0.40605
2025-11-01T13:30:16,DESKTOP-VVR72A9,Parallel,2000000,777,2.59507
2025-11-01T13:30:16,DESKTOP-VVR72A9,Sequential,200000,778,0.39844
2025-11-01T13:30:16,DESKTOP-VVR72A9,Sequential,100000,779,0.20525
2025-11-01T13:30:16,DESKTOP-VVR72A9,Sequential,10000,780,0.01661
2025-11-01T13:30:16,DESKTOP-VVR72A9,Parallel,500000,781,0.65624
2025-11-01T13:30:16,DESKTOP-VVR72A9,Sequential,100000,782,0.16244
2025-11-01T13:30:16,DESKTOP-VVR72A9,Sequential,2000000,783,3.86471
2025-11-01T13:30:16,DESKTOP-VVR72A9,Sequential,100000,784,0.21908
2025-11-01T13:30:16,DESKTOP-VVR72A9,Sequential,50000,785,0.09503
2025-11-01T13:30:16,DESKTOP-VVR72A9,Parallel,200000,786,0.3921
2025-11-01T13:30:16,DESKTOP-VVR72A9,Sequential,10000,787,0.01826
2025-11-01T13:30:16,DESKTOP-VVR72A9,Parallel,2000000,788,3.09719
2025-11-01T13:30:16,DESKTOP-VVR72A9,Sequential,200000,789,0.37945
2025-11-01T13:30:16,DESKTOP-VVR72A9,Sequential,500000,790,1.12653
2025-11-01T13:30:16,DESKTOP-VVR72A9,Parallel,2000000,791,2.78194
2025-11-01T13:30:16,DESKTOP-VVR72A9,Sequential,200000,792,0.35611
2025-11-01T13:30:16,DESKTOP-VVR72A9,Sequential,2000000,793,3.95089
2025-11-01T13:30:16,DESKTOP-VVR72A9,Parallel,1000000,794,1.48939
2025-11-01T13:30:16,DESKTOP-VVR72A9,Sequential,50000,795,0.08323
2025-11-01T13:30:16,DESKTOP-VVR72A9,Sequential,500000,796,0.92597
2025-11-01T13:30:16,DESKTOP-VVR72A9,Parallel,10000,797,0.01762
2025-11-01T13:30:16,DESKTOP-VVR72A9,Sequential,200000,798,0.33216
2025-11-01T13:30:16,DESKTOP-VVR72A9,Parallel,500000,799,0.61931
2025-11-01T13:30:16,DESKTOP-VVR72A9,Parallel,1000000,800,1.42915
2025-11-01T13:30:16,DESKTOP-VVR72A9,Parallel,10000,801,0.0206
2025-11-01T13:30:16,DESKTOP-VVR72A9,Parallel,2000000,802,3.21898
2025-11-01T13:30:16,DESKTOP-VVR72A9,Sequential,2000000,803,4.32275
2025-11-01T13:30:16,DESKTOP-VVR72A9,Parallel,2000000,804,3.21651
2025-11-01T13:30:16,DESKTOP-VVR72A9,Sequential,50000,805,0.10896
2025-11-01T13:30:16,DESKTOP-VVR72A9,Parallel,10000,806,0.01982
2025-11-01T13:30:16,DESKTOP-VVR72A9,Parallel,10000,807,0.01748
2025-11-01T13:30:16,DESKTOP-VVR72A9,Parallel,500000,808,0.81938
2025-11-01T13:30:16,DESKTOP-VVR72A9,Sequential,500000,809,0.8248
2025-11-01T13:30:16,DESKTOP-VVR72A9,Parallel,2000000,810,2.74735
2025-11-01T13:30:16,DESKTOP-VVR72A9,Sequential,100000,811,0.18462
2025-11-01T13:30:16,DESKTOP-VVR72A9,Sequential,10000,812,0.01918
2025-11-01T13:30:16,DESKTOP-VVR72A9,Parallel,200000,813,0.34177
2025-11-01T13:30:16,DESKTOP-VVR72A9,Parallel,200000,814,0.34947
2025-11-01T13:30:16,DESKTOP-VVR72A9,Sequential,1000000,815,1.82392
2025-11-01T13:30:16,DESKTOP-VVR72A9,Sequential,500000,816,1.17105
2025-11-01T13:30:16,DESKTOP-VVR72A9,Sequential,2000000,817,4.25392
2025-11-01T13:30:16,DESKTOP-VVR72A9,Parallel,500000,818,0.58915
2025-11-01T13:30:16,DESKTOP-VVR72A9,Parallel,100000,819,0.2316
2025-11-01T13:30:16,DESKTOP-VVR72A9,Parallel,1000000,820,1.62969
2025-11-01T13:30:16,DESKTOP-VVR72A9,Parallel,200000,821,0.33135
2025-11-01T13:30:16,DESKTOP-VVR72A9,Parallel,200000,822,0.47513
2025-11-01T13:30:16,DESKTOP-VVR72A9,Sequential,2000000,823,3.72924
2025-11-01T13:30:16,DESKTOP-VVR72A9,Sequential,500000,824,1.17216
2025-11-01T13:30:16,DESKTOP-VVR72A9,Parallel,1000000,825,1.46136
2025-11-01T13:30:16,DESKTOP-VVR72A9,Parallel,500000,826,0.6661
2025-11-01T13:30:16,DESKTOP-VVR72A9,Sequential,2000000,827,4.7707
2025-11-01T13:30:16,DESKTOP-VVR72A9,Sequential,50000,828,0.09236
2025-11-01T13:30:16,DESKTOP-VVR72A9,Parallel,200000,829,0.35401
2025-11-01T13:30:16,DESKTOP-VVR72A9,Sequential,10000,830,0.01669
2025-11-01T13:30:16,DESKTOP-VVR72A9,Sequential,1000000,831,2.27707
2025-11-01T13:30:16,DESKTOP-VVR72A9,Sequential,1000000,832,1.71227
2025-11-01T13:30:16,DESKTOP-VVR72A9,Parallel,50000,833,0.11113
2025-11-01T13:30:16,DESKTOP-VVR72A9,Parallel,200000,834,0.36351
2025-11-01T13:30:16,DESKTOP-VVR72A9,Sequential,100000,835,0.22615
2025-11-01T13:30:16,DESKTOP-VVR72A9,Parallel,50000,836,0.11988
2025-11-01T13:30:16,DESKTOP-VVR72A9,Sequential,50000,837,0.08195
2025-11-01T13:30:16,DESKTOP-VVR72A9,Parallel,10000,838,0.01698
2025-11-01T13:30:16,DESKTOP-VVR72A9,Parallel,1000000,839,1.46742
2025-11-01T13:30:16,DESKTOP-VVR72A9,Parallel,10000,840,0.02247
2025-11-01T13:30:16,DESKTOP-VVR72A9,Parallel,2000000,841,2.29926
2025-11-01T13:30:16,DESKTOP-VVR72A9,Sequential,1000000,842,2.21688
2025-11-01T13:30:16,DESKTOP-VVR72A9,Sequential,1000000,843,1.70287
2025-11-01T13:30:16,DESKTOP-VVR72A9,Parallel,200000,844,0.42421
2025-11-01T13:30:16,DESKTOP-VVR72A9,Parallel,2000000,845,2.96724
2025-11-01T13:30:16,DESKTOP-VVR72A9,Parallel,200000,846,0.33039
2025-11-01T13:30:16,DESKTOP-VVR72A9,Parallel,50000,847,0.11235
2025-11-01T13:30:16,DESKTOP-VVR72A9,Sequential,50000,848,0.09712
2025-11-01T13:30:16,DESKTOP-VVR72A9,Sequential,500000,849,0.91595
2025-11-01T13:30:16,DESKTOP-VVR72A9,Parallel,10000,850,0.01609
2025-11-01T13:30:16,DESKTOP-VVR72A9,Parallel,1000000,851,1.50315
2025-11-01T13:30:16,DESKTOP-VVR72A9,Parallel,10000,852,0.01755
2025-11-01T13:30:16,DESKTOP-VVR72A9,Parallel,2000000,853,2.62388
2025-11-01T13:30:16,DESKTOP-VVR72A9,Sequential,10000,854,0.02336
2025-11-01T13:30:16,DESKTOP-VVR72A9,Parallel,50000,855,0.09087
2025-11-01T13:30:16,DESKTOP-VVR72A9,Parallel,500000,856,0.66447
2025-11-01T13:30:16,DESKTOP-VVR72A9,Sequential,50000,857,0.10313
2025-11-01T13:30:16,DESKTOP-VVR72A9,Parallel,200000,858,0.38737
2025-11-01T13:30:16,DESKTOP-VVR72A9,Sequential,200000,859,0.39454
2025-11-01T13:30:16,DESKTOP-VVR72A9,Parallel,1000000,860,1.41016
2025-11-01T13:30:16,DESKTOP-VVR72A9,Sequential,1000000,861,1.6142
2025-11-01T13:30:16,DESKTOP-VVR72A9,Sequential,50000,862,0.09694
2025-11-01T13:30:16,DESKTOP-VVR72A9,Parallel,100000,863,0.16398
2025-11-01T13:30:16,DESKTOP-VVR72A9,Parallel,100000,864,0.2135
2025-11-01T13:30:16,DESKTOP-VVR72A9,Sequential,10000,865,0.01803
2025-11-01T13:30:16,DESKTOP-VVR72A9,Parallel,1000000,866,1.2093
2025-11-01T13:30:16,DESKTOP-VVR72A9,Sequential,100000,867,0.1874
2025-11-01T13:30:16,DESKTOP-VVR72A9,Parallel,50000,868,0.08528
2025-11-01T13:30:16,DESKTOP-VVR72A9,Parallel,2000000,869,2.3964
2025-11-01T13:30:16,DESKTOP-VVR72A9,Sequential,10000,870,0.02094
2025-11-01T13:30:16,DESKTOP-VVR72A9,Sequential,500000,871,0.92371
2025-11-01T13:30:16,DESKTOP-VVR72A9,Sequential,1000000,872,2.38518
2025-11-01T13:30:16,DESKTOP-VVR72A9,Parallel,1000000,873,1.35151
2025-11-01T13:30:16,DESKTOP-VVR72A9,Parallel,10000,874,0.02023
2025-11-01T13:30:16,DESKTOP-VVR72A9,Parallel,200000,875,0.45063
2025-11-01T13:30:16,DESKTOP-VVR72A9,Sequential,10000,876,0.02045
2025-11-01T13:30:16,DESKTOP-VVR72A9,Sequential,2000000,877,4.54816
2025-11-01T13:30:16,DESKTOP-VVR72A9,Parallel,1000000,878,1.40903
2025-11-01T13:30:16,DESKTOP-VVR72A9,Sequential,500000,879,0.94287
2025-11-01T13:30:16,DESKTOP-VVR72A9,Sequential,10000,880,0.02291
2025-11-01T13:30:16,DESKTOP-VVR72A9,Sequential,1000000,881,2.20117
2025-11-01T13:30:16,DESKTOP-VVR72A9,Parallel,50000,882,0.10876
2025-11-01T13:30:16,DESKTOP-VVR72A9,Parallel,100000,883,0.17933
2025-11-01T13:30:16,DESKTOP-VVR72A9,Parallel,10000,884,0.02193
2025-11-01T13:30:16,DESKTOP-VVR72A9,Parallel,1000000,885,1.65868
2025-11-01T13:30:16,DESKTOP-VVR72A9,Sequential,1000000,886,2.14078
2025-11-01T13:30:16,DESKTOP-VVR72A9,Parallel,2000000,887,2.43577
2025-11-01T13:30:16,DESKTOP-VVR72A9,Parallel,200000,888,0.44989
2025-11-01T13:30:16,DESKTOP-VVR72A9,Sequential,10000,889,0.01635
2025-11-01T13:30:16,DESKTOP-VVR72A9,Sequential,1000000,890,2.1145
2025-11-01T13:30:16,DESKTOP-VVR72A9,Parallel,1000000,891,1.15775
2025-11-01T13:30:16,DESKTOP-VVR72A9,Parallel,1000000,892,1.19011
2025-11-01T13:30:16,DESKTOP-VVR72A9,Parallel,100000,893,0.17787
2025-11-01T13:30:16,DESKTOP-VVR72A9,Sequential,500000,894,0.98193
2025-11-01T13:30:16,DESKTOP-VVR72A9,Parallel,1000000,895,1.17317
2025-11-01T13:30:16,DESKTOP-VVR72A9,Sequential,10000,896,0.02337
2025-11-01T13:30:16,DESKTOP-VVR72A9,Parallel,50000,897,0.08929
2025-11-01T13:30:16,DESKTOP-VVR72A9,Sequential,50000,898,0.1155
2025-11-01T13:30:16,DESKTOP-VVR72A9,Sequential,10000,899,0.01633
2025-11-01T13:30:16,DESKTOP-VVR72A9,Sequential,1000000,900,2.08173
2025-11-01T13:30:16,DESKTOP-VVR72A9,Parallel,50000,901,0.10067
2025-11-01T13:30:16,DESKTOP-VVR72A9,Parallel,2000000,902,2.3855
2025-11-01T13:30:16,DESKTOP-VVR72A9,Sequential,200000,903,0.42749
2025-11-01T13:30:16,DESKTOP-VVR72A9,Parallel,2000000,904,2.68132
2025-11-01T13:30:16,DESKTOP-VVR72A9,Parallel,1000000,905,1.45143
2025-11-01T13:30:16,DESKTOP-VVR72A9,Parallel,200000,906,0.418
2025-11-01T13:30:16,DESKTOP-VVR72A9,Sequential,200000,907,0.39943
2025-11-01T13:30:16,DESKTOP-VVR72A9,Parallel,2000000,908,3.18394
2025-11-01T13:30:16,DESKTOP-VVR72A9,Sequential,100000,909,0.23154
2025-11-01T13:30:16,DESKTOP-VVR72A9,Parallel,1000000,910,1.38622
2025-11-01T13:30:16,DESKTOP-VVR72A9,Sequential,50000,911,0.09479
2025-11-01T13:30:16,DESKTOP-VVR72A9,Sequential,10000,912,0.02235
2025-11-01T13:30:16,DESKTOP-VVR72A9,Sequential,10000,913,0.01793
2025-11-01T13:30:16,DESKTOP-VVR72A9,Sequential,2000000,914,4.31304
2025-11-01T13:30:16,DESKTOP-VVR72A9,Parallel,200000,915,0.42591
2025-11-01T13:30:16,DESKTOP-VVR72A9,Sequential,1000000,916,2.20391
2025-11-01T13:30:16,DESKTOP-VVR72A9,Sequential,2000000,917,4.52642
2025-11-01T13:30:16,DESKTOP-VVR72A9,Parallel,10000,918,0.01893
2025-11-01T13:30:16,DESKTOP-VVR72A9,Sequential,100000,919,0.20898
2025-11-01T13:30:16,DESKTOP-VVR72A9,Sequential,100000,920,0.16475
2025-11-01T13:30:16,DESKTOP-VVR72A9,Sequential,2000000,921,3.22832
2025-11-01T13:30:16,DESKTOP-VVR72A9,Parallel,10000,922,0.02305
2025-11-01T13:30:16,DESKTOP-VVR72A9,Sequential,200000,923,0.46565
2025-11-01T13:30:16,DESKTOP-VVR72A9,Parallel,100000,924,0.20503
2025-11-01T13:30:16,DESKTOP-VVR72A9,Parallel,50000,925,0.11679
2025-11-01T13:30:16,DESKTOP-VVR72A9,Parallel,200000,926,0.39712
2025-11-01T13:30:16,DESKTOP-VVR72A9,Sequential,2000000,927,3.25581
2025-11-01T13:30:16,DESKTOP-VVR72A9,Sequential,200000,928,0.39635
2025-11-01T13:30:16,DESKTOP-VVR72A9,Parallel,2000000,929,2.911
2025-11-01T13:30:16,DESKTOP-VVR72A9,Sequential,10000,930,0.02026
2025-11-01T13:30:16,DESKTOP-VVR72A9,Parallel,500000,931,0.75226
2025-11-01T13:30:16,DESKTOP-VVR72A9,Parallel,100000,932,0.21857
2025-11-01T13:30:16,DESKTOP-VVR72A9,Sequential,2000000,933,3.70567
2025-11-01T13:30:16,DESKTOP-VVR72A9,Parallel,10000,934,0.01792
2025-11-01T13:30:16,DESKTOP-VVR72A9,Sequential,1000000,935,1.80826
2025-11-01T13:30:16,DESKTOP-VVR72A9,Sequential,200000,936,0.37876
2025-11-01T13:30:16,DESKTOP-VVR72A9,Sequential,500000,937,0.85048
2025-11-01T13:30:16,DESKTOP-VVR72A9,Parallel,1000000,938,1.34939
2025-11-01T13:30:16,DESKTOP-VVR72A9,Parallel,2000000,939,2.26329
2025-11-01T13:30:16,DESKTOP-VVR72A9,Sequential,500000,940,0.8697
2025-11-01T13:30:16,DESKTOP-VVR72A9,Parallel,50000,941,0.11472
2025-11-01T13:30:16,DESKTOP-VVR72A9,Parallel,500000,942,0.56259
2025-11-01T13:30:16,DESKTOP-VVR72A9,Sequential,50000,943,0.10981
2025-11-01T13:30:16,DESKTOP-VVR72A9,Parallel,50000,944,0.09824
2025-11-01T13:30:16,DESKTOP-VVR72A9,Sequential,100000,945,0.20103
2025-11-01T13:30:16,DESKTOP-VVR72A9,Sequential,10000,946,0.0234
2025-11-01T13:30:16,DESKTOP-VVR72A9,Sequential,500000,947,0.86593
2025-11-01T13:30:16,DESKTOP-VVR72A9,Parallel,200000,948,0.42109
2025-11-01T13:30:16,DESKTOP-VVR72A9,Parallel,10000,949,0.01915
2025-11-01T13:30:16,DESKTOP-VVR72A9,Sequential,1000000,950,2.308
2025-11-01T13:30:16,DESKTOP-VVR72A9,Sequential,2000000,951,3.78572
2025-11-01T13:30:16,DESKTOP-VVR72A9,Parallel,100000,952,0.20921
2025-11-01T13:30:16,DESKTOP-VVR72A9,Sequential,50000,953,0.11437
2025-11-01T13:30:16,DESKTOP-VVR72A9,Parallel,1000000,954,1.41885
2025-11-01T13:30:16,DESKTOP-VVR72A9,Sequential,1000000,955,1.89004
2025-11-01T13:30:16,DESKTOP-VVR72A9,Parallel,10000,956,0.01868
2025-11-01T13:30:16,DESKTOP-VVR72A9,Sequential,500000,957,1.08625
2025-11-01T13:30:16,DESKTOP-VVR72A9,Sequential,500000,958,0.91763
2025-11-01T13:30:16,DESKTOP-VVR72A9,Sequential,100000,959,0.2022
2025-11-01T13:30:16,DESKTOP-VVR72A9,Sequential,200000,960,0.37187
2025-11-01T13:30:16,DESKTOP-VVR72A9,Parallel,50000,961,0.09276
2025-11-01T13:30:16,DESKTOP-VVR72A9,Sequential,2000000,962,3.63963
2025-11-01T13:30:16,DESKTOP-VVR72A9,Parallel,1000000,963,1.54547
2025-11-01T13:30:16,DESKTOP-VVR72A9,Sequential,50000,964,0.09525
2025-11-01T13:30:16,DESKTOP-VVR72A9,Parallel,500000,965,0.6151
2025-11-01T13:30:16,DESKTOP-VVR72A9,Parallel,100000,966,0.20508
2025-11-01T13:30:16,DESKTOP-VVR72A9,Sequential,100000,967,0.20757
2025-11-01T13:30:16,DESKTOP-VVR72A9,Parallel,50000,968,0.08118
2025-11-01T13:30:16,DESKTOP-VVR72A9,Parallel,200000,969,0.47734
2025-11-01T13:30:16,DESKTOP-VVR72A9,Parallel,500000,970,0.82113
2025-11-01T13:30:16,DESKTOP-VVR72A9,Sequential,10000,971,0.02257
2025-11-01T13:30:16,DESKTOP-VVR72A9,Sequential,2000000,972,4.50207
2025-11-01T13:30:16,DESKTOP-VVR72A9,Sequential,1000000,973,2.22241
2025-11-01T13:30:16,DESKTOP-VVR72A9,Sequential,1000000,974,2.23542
2025-11-01T13:30:16,DESKTOP-VVR72A9,Parallel,100000,975,0.21673
2025-11-01T13:30:16,DESKTOP-VVR72A9,Parallel,10000,976,0.02398
2025-11-01T13:30:16,DESKTOP-VVR72A9,Sequential,2000000,977,4.76859
2025-11-01T13:30:16,DESKTOP-VVR72A9,Parallel,500000,978,0.6436
2025-11-01T13:30:16,DESKTOP-VVR72A9,Parallel,1000000,979,1.55316
2025-11-01T13:30:16,DESKTOP-VVR72A9,Parallel,50000,980,0.08413
2025-11-01T13:30:16,DESKTOP-VVR72A9,Parallel,100000,981,0.20936
2025-11-01T13:30:16,DESKTOP-VVR72A9,Parallel,200000,982,0.45866
2025-11-01T13:30:16,DESKTOP-VVR72A9,Parallel,50000,983,0.11054
2025-11-01T13:30:16,DESKTOP-VVR72A9,Parallel,10000,984,0.01824
2025-11-01T13:30:16,DESKTOP-VVR72A9,Parallel,100000,985,0.18866
2025-11-01T13:30:16,DESKTOP-VVR72A9,Sequential,1000000,986,1.98025
2025-11-01T13:30:16,DESKTOP-VVR72A9,Parallel,10000,987,0.02387
2025-11-01T13:30:16,DESKTOP-VVR72A9,Parallel,50000,988,0.10205
2025-11-01T13:30:16,DESKTOP-VVR72A9,Parallel,2000000,989,3.32027
2025-11-01T13:30:16,DESKTOP-VVR72A9,Parallel,1000000,990,1.20108
2025-11-01T13:30:16,DESKTOP-VVR72A9,Sequential,1000000,991,1.92722
2025-11-01T13:30:16,DESKTOP-VVR72A9,Sequential,10000,992,0.01645
2025-11-01T13:30:16,DESKTOP-VVR72A9,Sequential,500000,993,0.81575
2025-11-01T13:30:16,DESKTOP-VVR72A9,Parallel,2000000,994,3.24336
2025-11-01T13:30:16,DESKTOP-VVR72A9,Parallel,500000,995,0.67649
2025-11-01T13:30:16,DESKTOP-VVR72A9,Parallel,10000,996,0.01669
2025-11-01T13:30:16,DESKTOP-VVR72A9,Parallel,10000,997,0.02099
2025-11-01T13:30:16,DESKTOP-VVR72A9,Parallel,50000,998,0.11872
2025-11-01T13:30:16,DESKTOP-VVR72A9,Parallel,50000,999,0.0865
2025-11-01T13:30:16,DESKTOP-VVR72A9,Parallel,500000,1000,0.59765
2025-11-01T13:30:16,DESKTOP-VVR72A9,Sequential,100000,1001,0.17628
2025-11-01T13:30:16,DESKTOP-VVR72A9,Sequential,2000000,1002,3.605
2025-11-01T13:30:16,DESKTOP-VVR72A9,Parallel,200000,1003,0.3333
2025-11-01T13:30:16,DESKTOP-VVR72A9,Parallel,10000,1004,0.01886
2025-11-01T13:30:16,DESKTOP-VVR72A9,Sequential,500000,1005,0.80699
2025-11-01T13:30:16,DESKTOP-VVR72A9,Sequential,500000,1006,0.801
2025-11-01T13:30:16,DESKTOP-VVR72A9,Parallel,200000,1007,0.41938
2025-11-01T13:30:16,DESKTOP-VVR72A9,Sequential,10000,1008,0.01992
2025-11-01T13:30:16,DESKTOP-VVR72A9,Parallel,500000,1009,0.59102
2025-11-01T13:30:16,DESKTOP-VVR72A9,Sequential,2000000,1010,3.91431
2025-11-01T13:30:16,DESKTOP-VVR72A9,Sequential,200000,1011,0.35443
2025-11-01T13:30:16,DESKTOP-VVR72A9,Sequential,2000000,1012,3.71907
2025-11-01T13:30:16,DESKTOP-VVR72A9,Parallel,10000,1013,0.01792
2025-11-01T13:30:16,DESKTOP-VVR72A9,Sequential,1000000,1014,1.65611
2025-11-01T13:30:16,DESKTOP-VVR72A9,Parallel,1000000,1015,1.643
2025-11-01T13:30:16,DESKTOP-VVR72A9,Sequential,200000,1016,0.41525
2025-11-01T13:30:16,DESKTOP-VVR72A9,Sequential,10000,1017,0.01947
2025-11-01T13:30:16,DESKTOP-VVR72A9,Parallel,1000000,1018,1.66479
2025-11-01T13:30:16,DESKTOP-VVR72A9,Parallel,200000,1019,0.35664
2025-11-01T13:30:16,DESKTOP-VVR72A9,Sequential,50000,1020,0.10662
2025-11-01T13:30:16,DESKTOP-VVR72A9,Sequential,50000,1021,0.08406
2025-11-01T13:30:16,DESKTOP-VVR72A9,Parallel,2000000,1022,2.80266
2025-11-01T13:30:16,DESKTOP-VVR72A9,Sequential,50000,1023,0.09063
2025-11-01T13:30:16,DESKTOP-VVR72A9,Sequential,50000,1024,0.10406
2025-11-01T13:30:16,DESKTOP-VVR72A9,Sequential,100000,1025,0.2379
2025-11-01T13:30:16,DESKTOP-VVR72A9,Parallel,1000000,1026,1.27897
2025-11-01T13:30:16,DESKTOP-VVR72A9,Parallel,50000,1027,0.09272
2025-11-01T13:30:16,DESKTOP-VVR72A9,Sequential,10000,1028,0.01707
2025-11-01T13:30:16,DESKTOP-VVR72A9,Sequential,50000,1029,0.10795
2025-11-01T13:30:16,DESKTOP-VVR72A9,Parallel,200000,1030,0.47067
2025-11-01T13:30:16,DESKTOP-VVR72A9,Sequential,100000,1031,0.17156
2025-11-01T13:30:16,DESKTOP-VVR72A9,Parallel,500000,1032,0.57579
2025-11-01T13:30:16,DESKTOP-VVR72A9,Sequential,10000,1033,0.01921
2025-11-01T13:30:16,DESKTOP-VVR72A9,Sequential,500000,1034,0.99587
2025-11-01T13:30:16,DESKTOP-VVR72A9,Sequential,2000000,1035,4.23026
2025-11-01T13:30:16,DESKTOP-VVR72A9,Parallel,100000,1036,0.21969
2025-11-01T13:30:16,DESKTOP-VVR72A9,Parallel,100000,1037,0.17976
2025-11-01T13:30:16,DESKTOP-VVR72A9,Sequential,200000,1038,0.39539
2025-11-01T13:30:16,DESKTOP-VVR72A9,Sequential,500000,1039,0.82945
2025-11-01T13:30:16,DESKTOP-VVR72A9,Sequential,50000,1040,0.08761
2025-11-01T13:30:16,DESKTOP-VVR72A9,Parallel,100000,1041,0.20545
2025-11-01T13:30:16,DESKTOP-VVR72A9,Parallel,100000,1042,0.18778
2025-11-01T13:30:16,DESKTOP-VVR72A9,Parallel,200000,1043,0.33129
2025-11-01T13:30:16,DESKTOP-VVR72A9,Sequential,50000,1044,0.08809
2025-11-01T13:30:16,DESKTOP-VVR72A9,Sequential,100000,1045,0.22086
2025-11-01T13:30:16,DESKTOP-VVR72A9,Parallel,10000,1046,0.01989
2025-11-01T13:30:16,DESKTOP-VVR72A9,Parallel,500000,1047,0.72261
2025-11-01T13:30:16,DESKTOP-VVR72A9,Sequential,100000,1048,0.23069
2025-11-01T13:30:16,DESKTOP-VVR72A9,Parallel,10000,1049,0.01995
2025-11-01T13:30:16,DESKTOP-VVR72A9,Sequential,50000,1050,0.08882
